-- phpMyAdmin SQL Dump
-- version 4.0.10deb1
-- http://www.phpmyadmin.net
--
-- Host: localhost
-- Generation Time: Jun 01, 2016 at 12:33 PM
-- Server version: 5.5.49-0ubuntu0.14.04.1
-- PHP Version: 5.5.9-1ubuntu4.16

SET SQL_MODE = "NO_AUTO_VALUE_ON_ZERO";
SET time_zone = "+00:00";


/*!40101 SET @OLD_CHARACTER_SET_CLIENT=@@CHARACTER_SET_CLIENT */;
/*!40101 SET @OLD_CHARACTER_SET_RESULTS=@@CHARACTER_SET_RESULTS */;
/*!40101 SET @OLD_COLLATION_CONNECTION=@@COLLATION_CONNECTION */;
/*!40101 SET NAMES utf8 */;

--
-- Database: `365onserver`
--

-- --------------------------------------------------------

--
-- Table structure for table `city`
--

CREATE TABLE IF NOT EXISTS `city` (
  `city_id` int(11) NOT NULL AUTO_INCREMENT,
  `state_id` int(11) NOT NULL,
  `city_name` varchar(100) NOT NULL,
  `last_update_date` date NOT NULL,
  `last_update_status` varchar(15) NOT NULL,
  PRIMARY KEY (`city_id`),
  KEY `state_id` (`state_id`),
  KEY `state_id_2` (`state_id`)
) ENGINE=InnoDB  DEFAULT CHARSET=latin1 AUTO_INCREMENT=146 ;

--
-- Dumping data for table `city`
--

INSERT INTO `city` (`city_id`, `state_id`, `city_name`, `last_update_date`, `last_update_status`) VALUES
(1, 1, 'Central Delhi', '2013-05-24', 'New'),
(2, 1, 'East Delhi', '2013-05-24', 'New'),
(4, 1, 'North Delhi', '2013-05-24', 'New'),
(7, 1, 'South Delhi', '2013-05-24', 'New'),
(9, 1, 'West Delhi', '2013-05-24', 'New'),
(13, 3, 'Kanpur', '2013-05-29', 'New'),
(14, 3, 'Lucknow', '2013-05-29', 'New'),
(15, 3, 'Ghaziabad', '2013-05-29', 'New'),
(16, 3, 'Agra', '2013-05-29', 'New'),
(17, 3, 'Varanasi', '2013-05-29', 'New'),
(18, 3, 'Meerut', '2013-05-29', 'New'),
(19, 3, 'Allahabad', '2013-05-29', 'New'),
(20, 3, 'Bareilly', '2013-05-29', 'New'),
(21, 3, 'Aligarh', '2013-05-29', 'New'),
(22, 3, 'Moradabad', '2013-05-29', 'New'),
(23, 3, 'Saharanpur', '2013-05-29', 'New'),
(24, 3, 'Gorakhpur', '2013-05-29', 'New'),
(25, 3, 'Noida', '2013-05-29', 'New'),
(26, 3, 'Firozabad', '2013-05-29', 'New'),
(27, 3, 'Jhansi', '2013-05-29', 'New'),
(28, 3, 'Muzaffarnagar', '2013-05-29', 'New'),
(29, 3, 'Mathura', '2013-05-29', 'New'),
(30, 3, 'Rampur', '2013-05-29', 'New'),
(31, 3, 'Shahjahanpur', '2013-05-29', 'New'),
(32, 3, 'Farrukhabad-cum-Fategarh', '2013-05-29', 'New'),
(33, 3, 'Maunath Bhanjan', '2013-05-29', 'New'),
(34, 3, 'Hapur', '2013-05-29', 'New'),
(35, 3, 'Faizabad', '2013-05-29', 'New'),
(36, 3, 'Etawah', '2013-05-29', 'New'),
(37, 3, 'Mirzapur-cum-Vindhyachal', '2013-05-29', 'New'),
(38, 3, 'Bulandshahr', '2013-05-29', 'New'),
(39, 3, 'Sambhal', '2013-05-29', 'New'),
(40, 3, 'Amroha', '2013-05-29', 'New'),
(41, 3, 'Hardoi', '2013-05-29', 'New'),
(42, 3, 'Fatehpur', '2013-05-29', 'New'),
(43, 3, 'Raebareli', '2013-05-29', 'New'),
(44, 3, 'Ujhani', '2013-05-29', 'New'),
(45, 3, 'Orai', '2013-05-29', 'New'),
(46, 3, 'Sitapur', '2013-05-29', 'New'),
(47, 3, 'Bahraich', '2013-05-29', 'New'),
(48, 3, 'Modinagar', '2013-05-29', 'New'),
(49, 3, 'Sahaswan', '2013-05-29', 'New'),
(50, 3, 'Unnao', '2013-05-29', 'New'),
(51, 3, 'Jaunpur', '2013-05-29', 'New'),
(52, 3, 'Lakhimpur', '2013-05-29', 'New'),
(53, 3, 'Hathras', '2013-05-29', 'New'),
(54, 3, 'Banda', '2013-05-29', 'New'),
(55, 3, 'Pilibhit', '2013-05-29', 'New'),
(56, 3, 'Mughalsarai', '2013-05-29', 'New'),
(57, 3, 'Barabanki', '2013-05-29', 'New'),
(58, 3, 'Budaun', '2013-05-29', 'New'),
(59, 3, 'Khurja', '2013-05-29', 'New'),
(60, 3, 'Gonda', '2013-05-29', 'New'),
(61, 3, 'Mainpuri', '2013-05-29', 'New'),
(62, 3, 'Lalitpur', '2013-05-29', 'New'),
(63, 3, 'Etah', '2013-05-29', 'New'),
(64, 3, 'Deoria', '2013-05-29', 'New'),
(65, 3, 'Ghazipur', '2013-05-29', 'New'),
(66, 3, 'Sultanpur', '2013-05-29', 'New'),
(67, 3, 'Azamgarh', '2013-05-29', 'New'),
(68, 3, 'Bijnor', '2013-05-29', 'New'),
(69, 3, 'Basti', '2013-05-29', 'New'),
(70, 3, 'Chandausi', '2013-05-29', 'New'),
(71, 3, 'Akbarpur', '2013-05-29', 'New'),
(72, 3, 'Ballia', '2013-05-29', 'New'),
(73, 3, 'Mubarakpur', '2013-05-29', 'New'),
(74, 3, 'Greater Noida', '2013-05-29', 'New'),
(75, 3, 'Shikohabad', '2013-05-29', 'New'),
(76, 3, 'Shamli', '2013-05-29', 'New'),
(77, 3, 'Baraut', '2013-05-29', 'New'),
(78, 3, 'Kasganj', '2013-05-29', 'New'),
(79, 4, 'Faridabad', '2013-05-29', 'New'),
(80, 4, 'Gurgaon', '2013-05-29', 'New'),
(81, 4, 'Panipat', '2013-05-29', 'New'),
(82, 4, 'Yamunanagar', '2013-05-29', 'New'),
(83, 4, 'Rohtak', '2013-05-29', 'New'),
(84, 4, 'Hisar', '2013-05-29', 'New'),
(85, 4, 'Karnal', '2013-05-29', 'New'),
(86, 4, 'Sonipat', '2013-05-29', 'New'),
(87, 4, 'Panchkula', '2013-05-29', 'New'),
(88, 4, 'Ambala', '2013-05-29', 'New'),
(89, 4, 'Bhiwani', '2013-05-29', 'New'),
(90, 4, 'Sirsa', '2013-05-29', 'New'),
(91, 4, 'Bahadurgarh', '2013-05-29', 'New'),
(92, 4, 'Jind', '2013-05-29', 'New'),
(93, 4, 'Thanesar', '2013-05-29', 'New'),
(94, 4, 'Kaithal', '2013-05-29', 'New'),
(95, 4, 'Rewari', '2013-05-29', 'New'),
(96, 4, 'Palwal', '2013-05-29', 'New'),
(97, 5, 'Indore', '2013-06-26', 'New'),
(98, 5, 'Bhopal', '2013-06-26', 'New'),
(99, 6, 'Ahmedabad', '2013-07-01', 'New'),
(100, 7, 'Bangalore', '2013-07-10', 'New'),
(101, 8, 'Jaipur', '2013-08-06', 'New'),
(103, 4, 'BALLABGARH', '2013-08-10', 'New'),
(104, 3, 'DADRI', '2013-08-13', 'New'),
(105, 3, 'SAHIBABAD', '2013-08-13', 'New'),
(106, 3, 'INDRAPURAM', '2013-08-13', 'New'),
(107, 3, 'VASHALI', '2013-08-13', 'New'),
(108, 3, 'VASUNDHRA', '2013-08-13', 'New'),
(109, 12, 'Patna', '2013-08-29', 'New'),
(110, 13, 'Chandigarh', '2013-08-30', 'New'),
(111, 13, 'Mohali', '2013-08-30', 'New'),
(113, 13, 'LUDHIANA', '2013-08-30', 'New'),
(114, 13, 'PATIALA', '2013-08-30', 'New'),
(115, 13, 'AMRITSAR', '2013-08-30', 'New'),
(116, 15, 'SHIMLA', '2013-08-30', 'New'),
(117, 15, 'LOWER BAZAR', '2013-08-30', 'New'),
(118, 15, 'LAWER BAZAR', '2013-08-30', 'New'),
(119, 16, 'Jammu', '2013-08-31', 'New'),
(120, 13, 'JALANDHAR', '2013-08-31', 'New'),
(121, 17, 'Pune', '2013-09-03', 'New'),
(122, 18, 'HYDERABAD', '2013-09-03', 'New'),
(123, 17, 'Mumbai', '2013-09-13', 'New'),
(124, 6, 'VADODARA', '2013-09-17', 'New'),
(125, 15, 'Himachal Pradesh', '2013-09-19', 'New'),
(126, 15, 'Parwanoo', '2013-09-19', 'New'),
(127, 5, 'GWALIOR', '2013-10-05', 'New'),
(128, 6, 'Rajkot', '2013-10-07', 'New'),
(129, 23, 'Raipur', '2013-10-18', 'New'),
(130, 5, 'UJJAIN', '2013-10-19', 'New'),
(131, 13, 'Pathankoat', '2013-11-06', 'New'),
(132, 5, 'DEWAS', '2013-11-16', 'New'),
(133, 5, 'MHOW', '2013-11-21', 'New'),
(134, 38, 'Chennai', '2014-04-18', 'New'),
(135, 41, 'ROORKEE', '2014-05-14', 'New'),
(137, 24, 'Calicut', '2014-06-20', 'New'),
(138, 24, 'Kottayam', '2014-06-20', 'New'),
(139, 24, 'Idukki', '2014-06-20', 'New'),
(140, 18, 'vijayawada', '2014-06-24', 'New'),
(141, 1, 'Center Delhi', '2015-01-30', 'New'),
(142, 38, 'Coimbatore', '2015-03-09', 'New'),
(143, 40, 'Kolkata', '2015-06-06', 'New'),
(144, 8, 'UDAIPUR', '2015-09-26', 'New'),
(145, 18, 'Secunderabad', '2015-11-17', 'New');

-- --------------------------------------------------------

--
-- Table structure for table `state`
--

CREATE TABLE IF NOT EXISTS `state` (
  `state_id` int(11) NOT NULL AUTO_INCREMENT,
  `state_name` varchar(100) NOT NULL,
  `last_update_date` date NOT NULL,
  `last_update_status` varchar(15) NOT NULL,
  PRIMARY KEY (`state_id`)
) ENGINE=InnoDB  DEFAULT CHARSET=latin1 AUTO_INCREMENT=53 ;

--
-- Dumping data for table `state`
--

INSERT INTO `state` (`state_id`, `state_name`, `last_update_date`, `last_update_status`) VALUES
(1, 'Delhi', '2013-05-24', 'New'),
(3, 'Uttar Pradesh', '2013-05-29', 'New'),
(4, 'Haryana', '2013-05-29', 'New'),
(5, 'Madhya Pradesh', '2013-06-26', 'New'),
(6, 'Gujarat', '2013-07-01', 'New'),
(7, 'Karnataka', '2013-07-10', 'New'),
(8, 'RAJASTHAN', '2013-08-06', 'New'),
(12, 'Bihar', '2013-08-29', 'New'),
(13, 'Punjab', '2013-08-30', 'New'),
(15, 'Himachal Pradesh', '2013-08-30', 'New'),
(17, 'Maharashtra', '2013-09-03', 'New'),
(18, 'Andhra Pradesh', '2013-09-03', 'New'),
(19, 'Andaman Nicobar', '2014-04-13', 'New'),
(20, 'Arunanchal Pradesh', '2014-04-13', 'New'),
(21, 'Assam', '2014-04-13', 'New'),
(22, 'Chandigarh', '2014-04-13', 'New'),
(23, 'Chattisgarh', '2014-04-13', 'New'),
(24, 'Dadar & Nagar Haveli', '2014-04-13', 'New'),
(25, 'Daman & Diu', '2014-04-13', 'New'),
(26, 'Goa', '2014-04-13', 'New'),
(27, 'Jammu & Kashmir', '2014-04-13', 'New'),
(28, 'Jharkhand', '2014-04-13', 'New'),
(29, 'Kerala', '2014-04-13', 'New'),
(30, 'Lakshwdeep', '2014-04-13', 'New'),
(31, 'Manipur', '2014-04-13', 'New'),
(32, 'Meghalaya', '2014-04-13', 'New'),
(33, 'Mizoram', '2014-04-13', 'New'),
(34, 'Nagaland', '2014-04-13', 'New'),
(35, 'Odisha', '2014-04-13', 'New'),
(36, 'Pondicherry', '2014-04-13', 'New'),
(37, 'Sikkim', '2014-04-13', 'New'),
(38, 'Tamil Nadu', '2014-04-13', 'New'),
(39, 'Tripura', '2014-04-13', 'New'),
(40, 'West Bengal', '2014-04-13', 'New'),
(41, 'Uttarakhand', '2014-04-13', 'New'),
(42, 'ANDAMAN & NICOBAR', '2014-05-26', 'New'),
(43, 'PUDUCHERRY', '2014-05-26', 'New'),
(45, 'TELANGANA', '2014-07-22', 'New'),
(46, 'SEEMANDHRA', '2014-07-22', 'New'),
(52, 'Bhaktapur', '2016-03-08', 'New');

-- --------------------------------------------------------

--
-- Table structure for table `table_account`
--

CREATE TABLE IF NOT EXISTS `table_account` (
  `account_id` int(11) NOT NULL AUTO_INCREMENT,
  `company_name` varchar(255) NOT NULL,
  `company_address` text NOT NULL,
  `company_phone_no` varchar(20) NOT NULL,
  `company_incorporation_year` varchar(10) NOT NULL,
  `no_of_employees` varchar(25) NOT NULL,
  `zipcode` varchar(6) NOT NULL,
  `city` varchar(50) NOT NULL,
  `state` varchar(50) NOT NULL,
  `country` varchar(100) NOT NULL,
  `start_date` date NOT NULL,
  `end_date` date NOT NULL,
  `logo` varchar(255) NOT NULL,
  `status` varchar(2) NOT NULL,
  PRIMARY KEY (`account_id`)
) ENGINE=InnoDB  DEFAULT CHARSET=latin1 AUTO_INCREMENT=2 ;

--
-- Dumping data for table `table_account`
--

INSERT INTO `table_account` (`account_id`, `company_name`, `company_address`, `company_phone_no`, `company_incorporation_year`, `no_of_employees`, `zipcode`, `city`, `state`, `country`, `start_date`, `end_date`, `logo`, `status`) VALUES
(1, 'QUYTECH', '', '0123456789', '', '100', '', '924', '4', 'india', '2012-12-28', '2021-02-28', '817032015-164254200gCASHEWNUTBOXposter.jpg', 'A');

-- --------------------------------------------------------

--
-- Table structure for table `table_account_admin`
--

CREATE TABLE IF NOT EXISTS `table_account_admin` (
  `operator_id` int(11) NOT NULL AUTO_INCREMENT,
  `account_id` int(11) NOT NULL,
  `operator_name` varchar(100) NOT NULL,
  `operator_phone_number` varchar(20) NOT NULL,
  `manage_items` varchar(10) NOT NULL,
  `manage_distributors` varchar(10) NOT NULL,
  `manage_retailer` varchar(10) NOT NULL,
  `manage_salesman` varchar(10) NOT NULL,
  `manage_route` varchar(10) NOT NULL,
  `start_date` date NOT NULL,
  `end_date` date NOT NULL,
  `image` varchar(100) NOT NULL,
  `status` varchar(2) NOT NULL,
  `view_activity_report` varchar(10) NOT NULL,
  `manage_retailer_relationship` varchar(10) NOT NULL,
  PRIMARY KEY (`operator_id`)
) ENGINE=InnoDB  DEFAULT CHARSET=latin1 AUTO_INCREMENT=5 ;

--
-- Dumping data for table `table_account_admin`
--

INSERT INTO `table_account_admin` (`operator_id`, `account_id`, `operator_name`, `operator_phone_number`, `manage_items`, `manage_distributors`, `manage_retailer`, `manage_salesman`, `manage_route`, `start_date`, `end_date`, `image`, `status`, `view_activity_report`, `manage_retailer_relationship`) VALUES
(1, 1, 'Ankur', '9810277058', 'Yes', 'Yes', 'Yes', 'Yes', 'Yes', '2013-08-26', '2035-12-31', '', 'A', 'Yes', 'Yes'),
(2, 1, 'Access Test', '9876543210', 'No', 'Yes', 'Yes', 'No', 'No', '2014-02-05', '2035-12-31', '', 'A', 'No', 'No'),
(3, 2, 'Test', '9876543210', 'Yes', 'Yes', 'Yes', 'Yes', 'Yes', '2013-08-26', '2050-12-31', '', 'A', 'Yes', 'Yes'),
(4, 1, 'Super Admin', '9582364419', 'No', 'No', 'No', 'No', 'No', '2014-03-21', '2035-12-31', '', 'A', 'Yes', 'Yes');

-- --------------------------------------------------------

--
-- Table structure for table `table_cms`
--

CREATE TABLE IF NOT EXISTS `table_cms` (
  `id` int(11) NOT NULL AUTO_INCREMENT COMMENT 'Page ID',
  `account_id` int(11) NOT NULL,
  `parentPage` int(11) DEFAULT NULL,
  `page_name` varchar(255) NOT NULL,
  `page_alias_name` varchar(255) NOT NULL,
  `title` varchar(255) NOT NULL,
  `keywords` varchar(255) NOT NULL,
  `description` varchar(255) NOT NULL,
  `entity_name` text NOT NULL,
  `ordID` int(11) DEFAULT NULL,
  `status` varchar(10) NOT NULL,
  `created` datetime NOT NULL,
  PRIMARY KEY (`id`)
) ENGINE=InnoDB  DEFAULT CHARSET=latin1 AUTO_INCREMENT=141 ;

--
-- Dumping data for table `table_cms`
--

INSERT INTO `table_cms` (`id`, `account_id`, `parentPage`, `page_name`, `page_alias_name`, `title`, `keywords`, `description`, `entity_name`, `ordID`, `status`, `created`) VALUES
(1, 1, 0, 'index.php', 'Admin', 'Pepupsales', '', '', 'index', 1, 'A', '2014-03-12 12:03:53'),
(3, 1, 1, 'users_list.php', 'Users', 'Users List', '', '', '', 3, 'A', '2014-03-12 12:05:52'),
(6, 1, 1, 'organizations.php', 'My Organizations', 'My Organizations', '', '', '', 6, 'A', '2014-03-12 12:05:52'),
(10, 1, 0, '', 'User', 'Salesman Login List', '', '', '', 2, 'A', '2014-03-12 12:03:53'),
(56, 1, 10, 'user_navigation_list.php', 'User Navigation', 'User Navigation', '', '', '', 2, 'A', '2014-03-12 12:03:53'),
(62, 1, 56, 'manage_navigation.php', 'Add', 'Add Navigation', '', '', 'add', 0, 'I', '2014-04-02 17:09:10'),
(66, 1, 17, 'addCategory.php', 'Add Category', 'Add Category', '', '', '', 0, 'I', '2014-04-03 11:10:51'),
(98, 1, 96, 'file_upload.php', 'Add Files', '', '', '', '', 2, 'A', '2014-05-16 16:14:51'),
(99, 1, 97, 'add_file_category.php', 'Add File Category', 'Add File Category', '', '', '', 0, 'I', '2014-05-16 16:15:25'),
(100, 1, 98, 'add_files.php', 'Upload Files', 'Upload Files', '', '', '', 0, 'I', '2014-05-16 16:16:18'),
(133, 1, 0, 'add_master_category.php', 'Add Master Catagory', 'Add Master Catagory', 'Master', ' Master', 'Master', 0, 'A', '2016-05-25 13:00:15'),
(135, 1, 139, 'merchants.php', 'Merchants List', 'Merchants List', 'Merchants', 'Show all Merchants', 'Merchants', 0, 'A', '2016-05-25 13:04:26'),
(136, 1, 139, 'catalogues.php', 'Catalogues List', 'Catalogues List', 'catalogues', 'Show all Catalogues', 'Catalogues', 1, 'A', '2016-05-25 13:04:43'),
(137, 1, 139, 'products.php', 'Products List', 'Products List', 'Products ', 'Show all Products', 'Products ', 2, 'A', '2016-05-25 13:05:00'),
(138, 1, 139, 'offers.php', 'Offers List', 'Offers List', 'Offers ', 'to all offers', 'Offers ', 3, 'A', '2016-05-25 13:05:16'),
(139, 1, 0, '', 'Master', 'Quytech Pepupsales', 'Master', 'Master', 'Master', 3, 'A', '2016-05-25 13:03:11'),
(140, 1, 0, 'master_category.php', 'Master Catagory', 'Master Catagory', 'Master Catagory', 'Master Catagory', 'Master Catagory', 0, 'A', '2016-05-25 13:02:42');

-- --------------------------------------------------------

--
-- Table structure for table `table_modules`
--

CREATE TABLE IF NOT EXISTS `table_modules` (
  `feature_id` int(11) NOT NULL AUTO_INCREMENT,
  `description` varchar(255) DEFAULT NULL,
  `status` tinyint(1) DEFAULT NULL,
  PRIMARY KEY (`feature_id`)
) ENGINE=InnoDB  DEFAULT CHARSET=latin1 AUTO_INCREMENT=3 ;

--
-- Dumping data for table `table_modules`
--

INSERT INTO `table_modules` (`feature_id`, `description`, `status`) VALUES
(1, 'Hierarchy', 1),
(2, 'Access Management', 1);

-- --------------------------------------------------------

--
-- Table structure for table `table_module_enable`
--

CREATE TABLE IF NOT EXISTS `table_module_enable` (
  `id` int(11) NOT NULL AUTO_INCREMENT,
  `account_id` int(11) DEFAULT NULL,
  `feature_id` int(11) DEFAULT NULL,
  `status` tinyint(1) DEFAULT NULL,
  PRIMARY KEY (`id`)
) ENGINE=InnoDB  DEFAULT CHARSET=latin1 AUTO_INCREMENT=109 ;

--
-- Dumping data for table `table_module_enable`
--

INSERT INTO `table_module_enable` (`id`, `account_id`, `feature_id`, `status`) VALUES
(1, 1, 1, 1),
(2, 1, 2, 1),
(3, 8, 1, 1),
(4, 11, 1, 1),
(5, 11, 2, 1),
(6, 8, 2, 1),
(7, 10, 1, 0),
(8, 10, 2, 1),
(9, 12, 1, 1),
(10, 12, 2, 1),
(11, 13, 1, 1),
(12, 13, 2, 1),
(13, 14, 1, 0),
(14, 14, 2, 1),
(15, 15, 1, 1),
(16, 15, 2, 1),
(17, 9, 1, 1),
(18, 9, 2, 1),
(19, 16, 1, 1),
(20, 16, 2, 1),
(21, 4, 1, 1),
(22, 4, 2, 1),
(23, 17, 1, 1),
(24, 17, 2, 1),
(25, 18, 1, 1),
(26, 18, 2, 1),
(27, 19, 1, 0),
(28, 19, 2, 1),
(29, 20, 1, 1),
(30, 20, 2, 1),
(31, 21, 1, 1),
(32, 21, 2, 1),
(33, 22, 1, 1),
(34, 22, 2, 1),
(35, 23, 1, 1),
(36, 23, 2, 1),
(37, 24, 1, 1),
(38, 24, 2, 1),
(39, 25, 1, 1),
(40, 25, 2, 1),
(41, 26, 1, 1),
(42, 26, 2, 1),
(43, 27, 1, 1),
(44, 27, 2, 1),
(45, 28, 1, 1),
(46, 28, 2, 1),
(47, 29, 1, 1),
(48, 29, 2, 1),
(49, 30, 1, 1),
(50, 30, 2, 1),
(51, 31, 1, 1),
(52, 31, 2, 1),
(53, 32, 1, 1),
(54, 32, 2, 1),
(55, 33, 1, 1),
(56, 33, 2, 1),
(57, 34, 1, 1),
(58, 34, 2, 1),
(59, 35, 1, 1),
(60, 35, 2, 1),
(61, 36, 1, 1),
(62, 36, 2, 1),
(63, 37, 1, 1),
(64, 37, 2, 1),
(65, 38, 1, 1),
(66, 38, 2, 1),
(67, 39, 1, 1),
(68, 39, 2, 1),
(69, 40, 1, 1),
(70, 40, 2, 1),
(71, 41, 1, 1),
(72, 41, 2, 1),
(73, 42, 1, 1),
(74, 42, 2, 1),
(75, 43, 1, 1),
(76, 43, 2, 1),
(77, 44, 1, 1),
(78, 44, 2, 1),
(79, 45, 1, 1),
(80, 45, 2, 1),
(81, 46, 1, 1),
(82, 46, 2, 1),
(83, 47, 1, 1),
(84, 47, 2, 1),
(85, 48, 1, 1),
(86, 48, 2, 1),
(87, 49, 1, 1),
(88, 49, 2, 1),
(89, 50, 1, 1),
(90, 50, 2, 1),
(91, 51, 1, 1),
(92, 51, 2, 1),
(93, 52, 1, 1),
(94, 52, 2, 1),
(95, 53, 1, 1),
(96, 53, 2, 1),
(97, 54, 1, 1),
(98, 54, 2, 1),
(99, 55, 1, 1),
(100, 55, 2, 1),
(101, 56, 1, 1),
(102, 56, 2, 1),
(103, 57, 1, 1),
(104, 57, 2, 1),
(105, 58, 1, 1),
(106, 58, 2, 1),
(107, 59, 1, 1),
(108, 59, 2, 1);

-- --------------------------------------------------------

--
-- Table structure for table `table_navigation_privilege`
--

CREATE TABLE IF NOT EXISTS `table_navigation_privilege` (
  `nav_privilege_id` int(11) NOT NULL AUTO_INCREMENT,
  `account_id` int(11) NOT NULL,
  `user_type` int(11) NOT NULL,
  `hierarchy_id` int(11) NOT NULL,
  `user_id` int(11) NOT NULL,
  `page_privileges` varchar(255) NOT NULL,
  PRIMARY KEY (`nav_privilege_id`)
) ENGINE=InnoDB  DEFAULT CHARSET=latin1 AUTO_INCREMENT=115 ;

--
-- Dumping data for table `table_navigation_privilege`
--

INSERT INTO `table_navigation_privilege` (`nav_privilege_id`, `account_id`, `user_type`, `hierarchy_id`, `user_id`, `page_privileges`) VALUES
(1, 1, 5, 4, 0, '1,2,3,4,5,6,7,10,11,56,12,57,59,60,13,14,15,16,17,18,19,20,21,22,23,24,25,26,27,28,29,30,31,32,33,34,35,36,37,38,39,40,41,42,43,44,45,46,47,48,49,50,51,52,53,54,55'),
(2, 1, 5, 11, 0, '1,2,10,11,12,13,14,15,16,17,18,19,20,21,22,23,24,25,26,27,28,29,32,33,34,35,36,37,38,39,40,41,42,43,44,45,46,47,48,49,50,51,52,53,54,55'),
(3, 1, 5, 13, 0, '1,2,3,4,5,6,7,10,11,56,62,12,57,59,60,13,14,15,16,17,18,19,20,21,71,72,83,84,22,73,23,24,25,26,63,82,27,28,75,29,30,76,78,31,77,79,32,80,81,33,34,35,36,37,38,39,40,41,42,43,44,45,46,47,48,49,50,51,52,53,54,55'),
(5, 5, 1, 0, 0, '1,2,3,4,5,6,7,10,11,56,12,57,59,60,13,14,15,16,17,18,19,20,21,22,23,24,25,26,27,28,29,30,31,32,33,34,35,36,37,38,39,40,41,42,43,44,45,46,47,48,49,50,51,52,53,54,55'),
(6, 6, 5, 0, 0, '1,2,3,4,5,6,7,10,11,56,12,57,59,60,13,14,15,16,17,18,19,20,21,22,23,24,25,26,27,28,29,30,31,32,33,34,35,36,37,38,39,40,41,42,43,44,45,46,47,48,49,50,51,52,53,54,55'),
(7, 1, 5, 1, 0, '1,2,3,4,5,6,7,10,11,56,12,57,59,60,13,14,15,16,17,18,19,20,21,22,23,24,25,26,27,28,29,30,31,32,33,34,35,36,37,38,39,40,41,42,43,44,45,46,47,48,49,50,51,52,53,54,55'),
(8, 1, 5, 2, 0, '1,7,33,34,35,36,37,38,39,40,41,42,43,44,45,47,48,49,90,50,51,52,128'),
(9, 1, 5, 3, 0, '10,11,12,13,15,26,27,28,29,30,31,32,33,34,35,36,37,38,39,40,41,42'),
(10, 7, 1, 0, 0, '1,2,3,4,5,6,7,10,11,56,12,57,59,60,13,14,15,16,17,18,19,20,21,22,23,24,25,26,27,28,29,30,31,32,33,34,35,36,37,38,39,40,41,42,43,44,45,46,47,48,49,50,51,52,53,54,55'),
(11, 1, 1, 0, 0, '1,6,139,135,136,137,138'),
(12, 1, 1, 0, 0, '1,2,3,4,5,6,7,10,11,56,12,57,59,60,13,14,15,16,17,18,19,20,21,22,23,24,25,26,27,28,29,30,31,32,33,34,35,36,37,38,39,40,41,42,43,44,45,46,47,48,49,50,51,52,53,54,55'),
(13, 1, 1, 0, 0, '1,2,3,4,5,6,7,10,11,56,12,57,59,60,13,14,15,16,17,18,19,20,21,22,23,24,25,26,27,28,29,30,31,32,33,34,35,36,37,38,39,40,41,42,43,44,45,46,47,48,49,50,51,52,53,54,55'),
(14, 1, 3, 0, 0, '1,2,7,12,13,14,15,22,24,25,26,27,28,30,31,33,34,35,37,38,39,117,40,41,42,103,114,43,44,45,46,47,48,49,90,50,51,52,53,54,55,112,123,124,125,126'),
(15, 1, 4, 0, 0, ''),
(16, 1, 5, 5, 0, '1,2,3,4,5,6,7,10,11,56,12,57,59,60,13,14,15,16,17,18,19,20,21,22,23,24,25,26,27,28,29,30,31,32,33,34,35,36,37,38,39,40,41,42,43,44,45,46,47,48,49,50,51,52,53,54,55'),
(17, 10, 1, 0, 0, '1,2,3,4,5,6,7,10,11,56,12,57,59,60,13,14,15,16,17,18,19,20,21,22,23,24,25,26,27,28,29,30,31,32,33,34,35,36,37,38,39,40,41,42,43,44,45,46,47,48,49,50,51,52,53,54,55'),
(18, 10, 5, 0, 0, '10,11'),
(19, 11, 1, 0, 0, '1,2,3,4,5,6,7,10,11,56,12,57,59,60,13,14,15,16,17,18,19,20,21,22,23,24,25,26,27,28,29,30,31,32,33,34,35,36,37,38,39,40,41,42,91,43,44,45,46,47,48,49,50,51,52,53,54,55'),
(20, 8, 1, 0, 0, '1,2,3,4,5,6,7,10,11,56,12,57,59,60,13,14,15,16,104,17,18,19,20,21,22,23,24,109,25,110,26,93,95,101,27,28,29,31,32,96,97,98,33,34,35,36,37,38,39,40,41,42,103,43,44,45,46,47,48,49,90,50,51,52,53,54,55'),
(21, 11, 3, 0, 0, '33,34,35,39,41,42,91,43,45,47,48,49,90,50,51,52,53'),
(22, 12, 1, 0, 0, '1,2,3,4,5,6,7,10,11,56,12,57,59,60,13,14,15,16,17,18,19,20,21,22,23,24,25,26,27,28,29,30,31,32,33,34,35,36,37,38,39,40,41,42,91,43,44,45,46,47,48,49,90,50,51,52,53,54,55'),
(23, 13, 1, 0, 0, '10,11,12,57,59,60,13,14,15,16,17,18,19,20,21,22,23,24,25,102,26,93,101,30,33,34,35,36,37,38,39,40,42,91,43,45,46,47,48,49,90,50,51,52,53,54,55'),
(24, 11, 5, 8, 0, '33,34,35,39,40,41,42,91,43,44,45,46,47,48,49,90,50,51,52,53,54,55'),
(25, 11, 5, 9, 0, '33,34,35,37,39,41,42,91,43,44,45,46,47,48,49,90,50,51,52,53,54,55'),
(26, 11, 5, 10, 0, '33,34,35,37,39,41,42,91,43,44,45,46,47,48,49,90,50,51,52,53,54,55'),
(27, 11, 5, 11, 0, '33,34,35,37,39,41,42,91,43,44,45,46,47,48,49,90,50,51,52,53,54,55'),
(28, 11, 5, 12, 0, '33,34,35,36,37,38,39,40,41,42,91,43,44,45,46,47,48,49,90,50,51,52,53,54,55'),
(29, 15, 1, 0, 0, '1,2,3,4,5,6,7,10,11,56,107,12,57,59,60,13,14,15,16,104,17,18,19,20,21,22,23,24,109,25,110,102,26,93,94,95,101,27,28,29,30,31,32,96,97,98,33,34,35,36,37,38,39,40,41,42,91,103,43,44,45,46,47,48,49,90,50,51,52,53,54,55'),
(30, 9, 1, 0, 0, '1,2,3,4,5,6,7,10,11,56,107,12,57,59,60,13,14,15,16,104,17,18,19,20,21,22,23,24,109,25,110,102,26,93,94,95,101,27,28,29,30,31,32,96,97,98,33,34,35,36,37,38,39,40,41,42,91,103,43,44,45,46,47,48,49,90,50,51,52,53,54,55'),
(31, 16, 1, 0, 0, '1,3,6,7,10,11,56,12,57,59,60,13,14,15,16,17,18,19,20,21,22,23,24,25,26,27,28,29,30,31,32,33,34,35,36,37,38,39,40,41,42,43,44,45,46,47,48,49,90,50,51,52,53,55'),
(32, 16, 5, 21, 0, '1,3,6,7,10,11,56,12,57,59,60,13,14,15,16,17,18,19,20,21,22,23,24,25,26,27,28,29,30,31,32,33,34,35,36,37,38,39,40,41,42,43,44,45,46,47,48,49,90,50,51,52,53,55'),
(33, 16, 5, 22, 0, '1,3,6,7,10,11,56,12,57,59,60,13,14,15,16,17,18,19,20,21,22,23,24,25,26,27,28,29,30,31,32,33,34,35,36,37,38,39,40,41,42,43,44,45,46,47,48,49,90,50,51,52,53,55'),
(34, 8, 5, 6, 0, '33,34,35,39,41,42,103'),
(35, 17, 1, 0, 0, '1,6,7,10,11,56,12,57,59,60,13,14,15,16,17,18,19,20,21,22,23,24,25,26,27,28,30,33,34,35,36,37,38,39,40,117,42,43,44,45,46,47,48,50,51,52,53,54,55'),
(36, 18, 1, 0, 0, '10,11,56,12,57,59,60,13,14,15,16,17,18,19,20,21,22,23,24,25,26,27,28,29,30,33,34,35,36,37,38,39,40,42,43,44,45,46,47,48,49,50,51,52,53,54,55'),
(37, 8, 2, 0, 0, '33,34,35,37,38,39,41,42,103'),
(38, 8, 5, 30, 0, '12,21,22,24,93,95,101,27,28,30,31,32,33,34,35,37,38,39,41,42,103,43,44,45,46,47,48,49,90,50,51,52,53,54,55'),
(39, 8, 5, 31, 0, '33,34,35,36,37,38,39,40,41,42,103,43,44,45,46,47,48,49,90,50,51,52,53,54,55'),
(40, 19, 1, 0, 0, '1,5,7,10,11,12,13,14,15,16,104,17,18,19,20,21,22,23,24,25,26,27,28,33,34,35,36,37,38,39,41,42,91,43,44,45,46,47,48,49,90,50,51,52,128,53,54,55'),
(41, 20, 1, 0, 0, '10,11,12,57,59,60,13,14,15,16,17,18,19,20,21,22,23,24,25,26,27,28,33,34,35,36,37,38,39,40,41,42,43,44,45,47,48,49,50,51,52,53,54'),
(42, 18, 5, 34, 0, '10,11,12,13,14,15,22,23,24,25,26,27,28,29,30,33,34,35,36,37,38,39,40,42,43,44,45,46,47,48,49,50,51,52,53,54,55'),
(43, 21, 1, 0, 0, '10,11,56,12,57,59,60,13,14,15,16,17,18,19,20,21,22,23,24,25,26,27,28,30,31,32,33,34,35,36,37,38,39,40,41,42,91,43,44,45,46,47,48,49,50,51,52,53,54,55'),
(44, 22, 1, 0, 0, '1,2,3,7,10,11,56,12,57,59,60,13,14,15,16,17,18,19,20,21,22,24,25,26,27,28,33,34,35,36,37,39,43,44,45,47,48,49,50,51,52,54'),
(45, 17, 3, 0, 0, '33,34'),
(46, 23, 1, 0, 0, '1,2,3,4,5,6,7,10,11,56,107,12,57,59,60,13,14,111,15,16,104,17,18,19,20,21,22,23,24,25,26,27,28,29,30,31,32,96,97,98,33,34,35,36,37,38,39,40,41,42,91,103,114,43,44,45,46,115,47,48,49,90,50,51,52,53,54,55,112'),
(47, 24, 1, 0, 0, '1,3,6,7,10,11,56,12,57,59,60,13,14,111,15,16,17,18,19,20,21,22,23,24,25,26,27,28,30,31,33,34,35,36,37,38,39,40,41,42,43,44,45,46,47,48,49,90,50,51,52,53,54,55,112'),
(48, 17, 5, 41, 0, '33,34'),
(49, 25, 1, 0, 0, '1,2,3,4,5,6,7,10,11,56,107,12,57,59,60,13,14,111,15,16,104,17,18,19,20,21,22,23,24,109,25,110,102,26,93,94,95,101,116,113,27,28,29,30,31,32,96,97,98,33,34,35,36,37,38,39,40,117,41,118,42,119,91,103,114,43,44,45,46,115,47,48,49,90,50,51,52,53,54,55,112'),
(50, 24, 5, 46, 0, '12,57,59,13,14,111,15,16,17,18,19,20,21,22,23,24,25,26,27,28,30,31,33,34,35,36,37,38,39,40,41,42,43,44,45,46,47,48,49,90,50,51,52,53,55,112'),
(51, 24, 5, 44, 0, '12,13,14,111,15,21,22,23,24,25,26,27,28,33,34,35,36,37,38,39,40,41,42,43,44,45,46,47,48,49,90,50,51,52,53'),
(52, 24, 5, 45, 0, '12,13,14,111,15,21,22,23,24,25,26,27,28,33,34,35,36,37,38,39,40,41,42,43,44,45,46,47,48,49,90,50,51,52,53'),
(53, 24, 5, 48, 0, '12,13,14,111,15,22,23,24,25,33,34,35,36,37,38,39,40,41,42,50,51,52'),
(54, 24, 5, 47, 0, '33,34,35,41,42,43,44,45,47,48,49,90,50,51,52,53,54'),
(55, 26, 1, 0, 0, '1,6,7,10,11,56,12,57,59,60,13,14,15,16,17,18,19,20,21,22,23,24,25,102,26,93,95,101,27,28,30,33,34,35,36,37,38,39,40,41,42,114,43,44,45,46,47,48,50,51,52,53,54,55'),
(56, 27, 1, 0, 0, '10,11,12,57,59,60,13,14,15,16,17,18,19,20,21,22,23,24,25,26,27,28,33,34,35,36,37,38,39,40,41,42,43,44,45,47,48,50,51,52,53,54'),
(57, 28, 1, 0, 0, '1,2,10,11,56,12,57,59,60,13,14,15,16,17,18,19,20,21,22,23,24,25,26,122,27,28,30,33,34,35,36,37,38,39,40,41,42,43,44,45,47,48,49,50,51,52,54,55'),
(58, 28, 5, 62, 0, '33,35,37'),
(59, 1, 2, 0, 0, '1,2,3,6,7,10,11,56,12,57,59,60,13,14,15,16,17,18,19,20,21,22,23,24,25,26,93,95,101,113,27,28,29,30,31,32,96,97,98,33,34,35,36,37,38,39,117,40,41,42,103,114,43,44,45,46,115,47,48,49,90,50,51,52,53,54,55,112'),
(60, 29, 1, 0, 0, '1,2,3,10,11,56,107,12,57,59,60,13,14,111,15,16,17,18,19,20,21,22,23,24,25,26,122,27,28,29,30,33,34,35,36,37,38,39,40,41,118,42,91,103,43,44,45,47,48,49,90,50,51,52,54,55'),
(61, 30, 1, 0, 0, '1,2,3,10,11,56,12,57,59,60,13,14,111,15,16,17,18,19,20,21,22,23,24,25,26,120,121,122,27,28,30,31,32,96,97,98,33,34,35,36,37,38,39,40,41,42,91,103,114,43,44,45,46,47,48,49,90,50,51,52,53,54,55,112'),
(62, 31, 1, 0, 0, '1,2,3,10,11,56,12,57,59,60,13,14,111,15,16,17,18,19,20,21,22,23,24,25,26,122,27,28,30,31,32,96,97,98,33,34,35,36,37,38,39,40,41,42,43,44,45,46,47,48,49,90,50,51,52,53,54,55,112'),
(63, 32, 1, 0, 0, '1,2,3,10,11,56,12,57,59,60,13,14,111,15,16,17,18,19,20,21,22,24,25,26,120,121,122,93,94,95,27,28,30,31,32,96,97,98,33,34,35,36,37,38,39,40,41,42,91,103,127,43,44,45,46,47,48,49,50,51,52,128,53,54,55,112,123,124,125,126'),
(64, 33, 1, 0, 0, '1,2,3,10,11,56,12,57,59,60,13,14,111,15,16,17,18,19,20,21,22,23,24,25,26,120,122,93,94,95,27,28,96,97,98,33,34,35,36,37,38,39,40,41,42,91,103,43,44,45,46,47,48,49,90,50,51,52,53,54'),
(65, 34, 1, 0, 0, '1,2,3,10,11,56,12,57,59,60,13,14,111,15,16,17,18,19,20,21,22,23,24,25,26,120,121,122,93,94,95,101,116,27,28,30,31,32,96,97,98,33,34,35,36,37,38,39,40,118,41,42,91,103,114,43,44,45,46,47,48,49,90,50,51,52,53,54,55,112'),
(66, 26, 5, 59, 0, '1,6,12,57,59,60,22,25,93,95,101'),
(67, 32, 3, 0, 0, '33,34,35,36,37,38,39,41,42,43,44,45,46,47,48,49,50,52,53,54,55,123,124,125,126'),
(68, 35, 1, 0, 0, '1,2,3,10,11,56,12,57,59,60,13,14,111,15,16,17,18,19,20,21,22,23,24,25,26,122,27,28,33,34,35,36,37,38,39,40,41,42,91,43,44,45,46,47,48,49,90,50,51,52,54'),
(69, 36, 1, 0, 0, '1,2,3,10,11,56,107,12,57,59,60,13,14,111,15,16,17,18,19,20,21,22,23,24,25,26,122,27,28,96,97,98,33,34,35,36,37,38,39,40,41,42,91,103,43,44,45,46,47,48,49,90,50,51,52,53,54'),
(70, 37, 1, 0, 0, '1,2,3,10,11,56,12,57,59,60,13,14,111,15,16,17,18,19,20,21,22,23,24,25,26,122,27,28,30,33,34,35,36,37,38,39,40,41,42,43,44,45,46,47,48,49,90,50,51,52,54,55'),
(71, 26, 5, 53, 0, '12,21'),
(72, 26, 5, 59, 0, '12,22,25'),
(73, 38, 1, 0, 0, '1,2,3,10,11,56,12,57,59,60,13,14,111,15,16,17,18,19,20,21,22,23,24,25,26,122,27,28,33,34,35,36,37,38,39,40,41,42,91,43,44,45,47,48,49,90,50,51,52,128,54'),
(74, 39, 1, 0, 0, '1,7,10,11,56,12,57,59,60,13,14,15,16,17,18,19,20,21,22,23,24,25,26,122,27,28,30,33,34,35,36,37,38,39,40,41,42,43,45,47,48,90,50,51,52,53,54,55'),
(75, 37, 5, 88, 0, '1,2,3,10,11,56,12,57,59,60,13,14,111,15,16,17,18,19,20,21,22,23,24,25,26,122,27,28,30,33,34,35,38,39,40,41,42,43,44,45,46,47,48,49,90,50,51,52,54,55'),
(76, 39, 3, 0, 0, '1,7,33,47,90'),
(77, 40, 1, 0, 0, '1,2,3,4,5,7,10,11,56,12,57,59,60,13,14,15,16,17,18,19,20,21,22,23,24,25,26,122,113,27,28,30,31,32,96,97,98,33,34,35,36,37,38,39,40,42,103,114,43,45,46,47,48,49,50,51,52,128,53,54,55,112,123,124,125,126'),
(78, 41, 1, 0, 0, '10,11,56,12,57,59,60,13,14,15,16,17,18,19,20,21,22,23,24,25,26,122,27,28,30,33,34,35,36,37,38,39,40,41,42,43,44,45,46,47,48,49,50,51,52,128,53,54,55'),
(79, 42, 1, 0, 0, '1,7,10,11,56,12,57,59,60,13,14,15,16,17,18,19,20,21,22,23,24,25,26,122,27,28,30,33,34,35,36,37,38,39,40,42,43,44,45,47,48,50,51,52,55'),
(80, 42, 5, 108, 0, '33,34,35,42,43,44,45,47,48,50,51,52,55'),
(81, 42, 5, 105, 0, '30,33,34,35,36,37,38,39,40,42,43,44,45,47,48,50,51,52,55'),
(82, 42, 5, 109, 0, '33,35,42,43,44,45,47,48,50,51,52,55'),
(83, 43, 1, 0, 0, '10,11,12,57,59,60,13,14,15,16,17,19,20,21,22,23,24,25,26,122,27,28,33,34,35,36,37,38,39,40,43,44,45,47,48'),
(84, 42, 5, 104, 0, '12,21,22,23,24,25,26,122,27,28,33,34,35,36,37,38,39,40,42,43,44,45,47,48,50,51,52,55'),
(85, 42, 5, 111, 0, '1,7,10,11,56,12,57,59,60,13,14,15,16,17,18,19,20,21,22,23,24,25,26,122,27,28,30,33,34,35,36,37,38,39,40,42,43,44,45,47,48,50,51,52,55'),
(86, 42, 5, 112, 0, '1,7,10,11,56,12,57,59,60,13,14,15,16,17,18,19,20,21,22,23,24,25,26,122,27,28,30,33,34,35,36,37,38,39,40,42,43,44,45,47,48,50,51,52,55'),
(87, 44, 1, 0, 0, '1,7,10,11,56,12,57,59,60,13,14,15,16,17,18,19,20,21,22,23,24,25,26,122,27,28,30,33,34,35,36,37,38,39,40,42,43,45,47,48,49,50,51,52,53,55'),
(88, 45, 1, 0, 0, '1,7,10,11,12,57,59,60,13,14,15,16,17,18,19,20,21,22,23,24,25,26,122,27,28,30,33,34,35,36,37,38,39,40,42,43,44,45,47,48,49,50,51,52,55'),
(89, 46, 1, 0, 0, '1,7,10,11,56,12,57,59,60,13,14,15,16,17,18,19,20,21,22,23,24,25,26,122,27,28,30,33,34,35,36,37,38,39,40,42,43,44,45,46,47,48,49,90,50,51,52,128,53,54,55'),
(90, 47, 1, 0, 0, '10,11,56,12,57,59,60,13,14,15,16,17,18,19,20,21,22,23,24,25,26,122,27,28,30,33,34,35,36,37,38,39,40,42,43,45,46,47,48,49,90,50,51,52,53,54,55'),
(91, 46, 5, 128, 0, '12,13,14,15,33,35,36,37,38,39,40,42'),
(92, 48, 1, 0, 0, '1,7,10,11,12,57,59,60,13,14,15,16,17,18,19,20,21,22,23,24,25,26,122,27,28,30,33,34,35,36,37,38,39,40,42,43,44,45,47,48,49,50,51,52,128,54,55'),
(93, 49, 1, 0, 0, '1,7,10,11,12,57,59,60,13,14,15,16,17,18,19,20,21,22,23,24,25,26,122,27,28,30,33,34,35,36,37,38,39,40,42,43,44,45,46,115,47,48,49,90,50,51,52,128,53,55'),
(94, 41, 5, 102, 0, '12,13,14,15,16,17,18,19,20,21,26,122,33,34,35,36,37,39,40,41,42,43,44,45,46,50,51,52,128'),
(95, 50, 1, 0, 0, '1,7,10,11,56,12,57,59,60,13,14,15,16,17,18,19,20,21,22,23,24,25,26,122,27,28,30,32,96,97,98,33,34,35,36,37,38,39,40,42,103,43,45,46,47,48,49,90,50,51,52,128,53,54,55,112'),
(96, 41, 5, 103, 0, '33,35,39'),
(97, 41, 5, 137, 0, '33,35,39'),
(98, 41, 3, 0, 0, '33,34,47,48,49'),
(99, 51, 1, 0, 0, '1,7,10,11,56,12,57,59,60,13,14,15,16,17,18,19,20,21,22,23,24,25,26,122,27,28,30,33,34,35,36,37,38,39,40,42,43,44,45,46,47,48,49,90,50,51,52,128,53,54,55'),
(100, 51, 5, 0, 0, '10,56'),
(101, 52, 1, 0, 0, '1,7,10,11,56,12,57,59,60,13,14,15,16,17,19,20,21,22,23,24,25,26,122,27,28,30,32,33,34,35,36,37,38,39,40,42,43,44,45,47,48,49,90,50,51,52,128,54,55'),
(102, 52, 4, 0, 0, '10,56,27,28,33,34,54'),
(103, 52, 5, 162, 0, '1,7,10,11,56,12,57,59,60,13,14,15,16,17,19,20,21,22,23,24,25,26,122,27,28,30,33,34,35,36,37,38,39,40,42,43,44,45,47,48,49,90,50,51,52,128,54,55'),
(104, 52, 3, 0, 0, '33,47,49,90'),
(105, 53, 1, 0, 0, '1,7,10,11,56,12,57,59,60,13,14,15,16,17,19,20,21,22,23,24,25,26,122,27,28,30,33,34,35,36,37,38,39,40,42,43,44,45,46,47,48,49,90,50,51,52,128,53,54,55'),
(106, 54, 1, 0, 0, '1,7,10,11,56,12,57,59,60,13,14,15,16,17,19,20,21,22,23,24,25,26,122,27,28,30,33,34,35,36,37,38,39,40,42,43,44,45,47,48,49,90,50,51,52,128,53,54,55'),
(107, 55, 1, 0, 0, '1,7,10,11,56,12,57,59,60,13,14,15,16,17,19,20,21,22,23,24,25,26,122,93,94,95,27,28,30,33,34,35,36,37,38,39,40,42,43,44,45,47,48,49,50,51,52,128,55'),
(108, 56, 1, 0, 0, '1,7,10,11,56,12,57,59,60,13,14,15,16,17,19,20,21,22,23,24,25,26,122,27,28,30,33,34,35,36,37,38,39,40,42,43,44,45,46,47,48,49,90,50,51,52,128,53,54,55'),
(109, 53, 3, 0, 0, '33,34,47,90,50,128'),
(110, 55, 5, 184, 0, '12,57,59,60,13,14,15,16,17,19,20,21,22,23,24,25,26,122,93,94,95'),
(111, 57, 1, 0, 0, '1,7,10,11,56,12,57,59,60,13,14,15,16,17,19,20,21,22,23,24,25,26,122,27,28,30,33,34,35,36,37,38,39,40,43,44,45,47,48,90,50,51,52,128,55'),
(112, 57, 5, 189, 0, '33,34,35,37,50,128'),
(113, 58, 1, 0, 0, '1,7,10,11,56,12,57,59,60,13,14,15,16,17,19,20,21,22,23,24,25,26,122,27,28,30,31,32,96,97,98,33,34,35,36,37,38,39,40,43,44,45,46,47,48,90,50,51,52,128,53,54,55,112'),
(114, 59, 1, 0, 0, '10,11,56,12,57,59,60,13,14,15,16,17,18,19,20,21,22,23,24,25,26,122,27,28,30,33,34,35,36,37,38,39,40,43,44,45,47,48,50,51,52,128,53,54,55');

-- --------------------------------------------------------

--
-- Table structure for table `table_page_access`
--

CREATE TABLE IF NOT EXISTS `table_page_access` (
  `page_access_id` int(11) NOT NULL AUTO_INCREMENT,
  `account_id` int(11) NOT NULL,
  `user_type` int(11) NOT NULL,
  `hierarchy_id` int(11) NOT NULL,
  `user_id` int(11) NOT NULL,
  `page_privilege_id` int(11) NOT NULL,
  `permisson_id` varchar(255) NOT NULL,
  PRIMARY KEY (`page_access_id`)
) ENGINE=InnoDB  DEFAULT CHARSET=latin1 AUTO_INCREMENT=4119 ;

--
-- Dumping data for table `table_page_access`
--

INSERT INTO `table_page_access` (`page_access_id`, `account_id`, `user_type`, `hierarchy_id`, `user_id`, `page_privilege_id`, `permisson_id`) VALUES
(84, 10, 5, 0, 0, 11, '1'),
(205, 1, 5, 1, 0, 11, ''),
(206, 1, 5, 1, 0, 14, ''),
(207, 1, 5, 1, 0, 15, ''),
(208, 1, 5, 1, 0, 17, ''),
(209, 1, 5, 1, 0, 18, ''),
(210, 1, 5, 1, 0, 19, ''),
(211, 1, 5, 1, 0, 20, ''),
(212, 1, 5, 1, 0, 21, ''),
(213, 1, 5, 1, 0, 23, ''),
(214, 1, 5, 1, 0, 24, ''),
(215, 1, 5, 1, 0, 25, ''),
(216, 1, 5, 1, 0, 26, ''),
(217, 1, 5, 1, 0, 28, ''),
(218, 1, 5, 1, 0, 29, ''),
(219, 1, 5, 1, 0, 30, ''),
(220, 1, 5, 1, 0, 31, ''),
(221, 1, 5, 1, 0, 32, ''),
(222, 1, 5, 1, 0, 56, ''),
(223, 1, 5, 1, 0, 59, ''),
(224, 1, 5, 1, 0, 60, ''),
(225, 1, 5, 4, 0, 11, ''),
(226, 1, 5, 4, 0, 14, '1,2,3,4'),
(227, 1, 5, 4, 0, 15, '1,2,3,4'),
(228, 1, 5, 4, 0, 17, '1,2,3,4'),
(229, 1, 5, 4, 0, 18, '1,2,3,4'),
(230, 1, 5, 4, 0, 19, '1,2,3,4'),
(231, 1, 5, 4, 0, 20, '1,2,3,4'),
(232, 1, 5, 4, 0, 21, '1,2,3,4'),
(233, 1, 5, 4, 0, 23, '1,2,3,4'),
(234, 1, 5, 4, 0, 24, '1,2,3,4'),
(235, 1, 5, 4, 0, 25, '1,2,3,4'),
(236, 1, 5, 4, 0, 26, '1,2,3,4'),
(237, 1, 5, 4, 0, 28, '1,2,3,4'),
(238, 1, 5, 4, 0, 29, '1,2,3,4'),
(239, 1, 5, 4, 0, 30, '1,2,3,4'),
(240, 1, 5, 4, 0, 31, '1,2,3,4'),
(241, 1, 5, 4, 0, 32, '1,2,3,4'),
(242, 1, 5, 4, 0, 56, '1,2,3,4'),
(243, 1, 5, 4, 0, 59, '1,2,3,4'),
(244, 1, 5, 4, 0, 60, '1,2,3,4'),
(387, 12, 1, 0, 0, 11, '1,2,3,4'),
(388, 12, 1, 0, 0, 14, '1,2,3,4'),
(389, 12, 1, 0, 0, 15, '1,2,3,4'),
(390, 12, 1, 0, 0, 17, '1,2,3,4'),
(391, 12, 1, 0, 0, 18, '1,2,3,4'),
(392, 12, 1, 0, 0, 19, '1,2,3,4'),
(393, 12, 1, 0, 0, 20, '1,2,3,4'),
(394, 12, 1, 0, 0, 21, '1,2,3,4'),
(395, 12, 1, 0, 0, 23, '1,2,3,4'),
(396, 12, 1, 0, 0, 24, '1,2,3,4'),
(397, 12, 1, 0, 0, 25, '1,2,3,4'),
(398, 12, 1, 0, 0, 26, '1,2,3,4'),
(399, 12, 1, 0, 0, 28, '1,2,3,4'),
(400, 12, 1, 0, 0, 29, '1,2,3,4'),
(401, 12, 1, 0, 0, 30, '1,2,3,4'),
(402, 12, 1, 0, 0, 31, '1,2,3,4'),
(403, 12, 1, 0, 0, 32, '1,2,3,4'),
(404, 12, 1, 0, 0, 56, '1,2,3,4'),
(405, 12, 1, 0, 0, 59, '1,2,3,4'),
(406, 12, 1, 0, 0, 60, '1,2,3,4'),
(407, 12, 1, 0, 0, 91, '1,2,3,4'),
(464, 11, 3, 0, 0, 91, '1,2,3,4'),
(480, 11, 5, 8, 0, 91, '1,2,3,4'),
(481, 11, 5, 9, 0, 91, '1,2,3,4'),
(482, 11, 5, 10, 0, 91, '1,2,3,4'),
(483, 11, 5, 11, 0, 91, '1,2,3,4'),
(485, 11, 5, 12, 0, 91, '1,2,3,4'),
(486, 11, 1, 0, 0, 11, '1,2'),
(487, 11, 1, 0, 0, 14, '1,2'),
(488, 11, 1, 0, 0, 15, '1,2'),
(489, 11, 1, 0, 0, 17, '1,2'),
(490, 11, 1, 0, 0, 18, '1,2'),
(491, 11, 1, 0, 0, 19, '1,2'),
(492, 11, 1, 0, 0, 20, '1,2'),
(493, 11, 1, 0, 0, 21, '1,2'),
(494, 11, 1, 0, 0, 23, '1,2'),
(495, 11, 1, 0, 0, 24, '1,2'),
(496, 11, 1, 0, 0, 25, '1,2'),
(497, 11, 1, 0, 0, 26, '1,2'),
(498, 11, 1, 0, 0, 28, '1,2'),
(499, 11, 1, 0, 0, 29, '1,2'),
(500, 11, 1, 0, 0, 30, '1,2'),
(501, 11, 1, 0, 0, 31, '1,2'),
(502, 11, 1, 0, 0, 32, '1,2'),
(503, 11, 1, 0, 0, 56, '1,2'),
(504, 11, 1, 0, 0, 59, '1,2'),
(505, 11, 1, 0, 0, 60, '1,2'),
(506, 11, 1, 0, 0, 91, '1,2'),
(773, 13, 1, 0, 0, 11, '1,2,3,4'),
(774, 13, 1, 0, 0, 14, '1,2,3,4'),
(775, 13, 1, 0, 0, 15, '1,2,3,4'),
(776, 13, 1, 0, 0, 17, '1,2,3,4'),
(777, 13, 1, 0, 0, 18, '1,2,3,4'),
(778, 13, 1, 0, 0, 19, '1,2,3,4'),
(779, 13, 1, 0, 0, 20, '1,2,3,4'),
(780, 13, 1, 0, 0, 21, '1,2,3,4'),
(781, 13, 1, 0, 0, 23, '1,2,3,4'),
(782, 13, 1, 0, 0, 24, '1,2,3,4'),
(783, 13, 1, 0, 0, 25, '1,2,3,4'),
(784, 13, 1, 0, 0, 26, '1,2,3,4'),
(785, 13, 1, 0, 0, 30, '1,2,3,4'),
(786, 13, 1, 0, 0, 59, '1,2,3,4'),
(787, 13, 1, 0, 0, 60, '1,2,3,4'),
(788, 13, 1, 0, 0, 91, '1,2,3,4'),
(789, 13, 1, 0, 0, 101, '1,2,3,4'),
(790, 13, 1, 0, 0, 102, '1,2,3,4'),
(1231, 15, 1, 0, 0, 11, '1,2,3,4'),
(1232, 15, 1, 0, 0, 14, '1,2,3,4'),
(1233, 15, 1, 0, 0, 15, '1,2,3,4'),
(1234, 15, 1, 0, 0, 17, '1,2,3,4'),
(1235, 15, 1, 0, 0, 18, '1,2,3,4'),
(1236, 15, 1, 0, 0, 19, '1,2,3,4'),
(1237, 15, 1, 0, 0, 20, '1,2,3,4'),
(1238, 15, 1, 0, 0, 21, '1,2,3,4'),
(1239, 15, 1, 0, 0, 23, '1,2,3,4'),
(1240, 15, 1, 0, 0, 24, '1,2,3,4'),
(1241, 15, 1, 0, 0, 25, '1,2,3,4'),
(1242, 15, 1, 0, 0, 26, '1,2,3,4'),
(1243, 15, 1, 0, 0, 28, '1,2,3,4'),
(1244, 15, 1, 0, 0, 29, '1,2,3,4'),
(1245, 15, 1, 0, 0, 30, '1,2,3,4'),
(1246, 15, 1, 0, 0, 31, '1,2,3,4'),
(1247, 15, 1, 0, 0, 32, '1,2,3,4'),
(1248, 15, 1, 0, 0, 56, '1,2,3,4'),
(1249, 15, 1, 0, 0, 59, '1,2,3,4'),
(1250, 15, 1, 0, 0, 60, '1,2,3,4'),
(1251, 15, 1, 0, 0, 91, '1,2,3,4'),
(1252, 15, 1, 0, 0, 94, '1,2,3,4'),
(1253, 15, 1, 0, 0, 95, '1,2,3,4'),
(1254, 15, 1, 0, 0, 97, '1,2,3,4'),
(1255, 15, 1, 0, 0, 98, '1,2,3,4'),
(1256, 15, 1, 0, 0, 101, '1,2,3,4'),
(1257, 15, 1, 0, 0, 102, '1,2,3,4'),
(1258, 15, 1, 0, 0, 104, '1,2,3,4'),
(1259, 15, 1, 0, 0, 107, '1,2,3,4'),
(1260, 15, 1, 0, 0, 109, '1,2,3,4'),
(1261, 15, 1, 0, 0, 110, '1,2,3,4'),
(1293, 9, 1, 0, 0, 11, '1,2,3,4'),
(1294, 9, 1, 0, 0, 14, '1,2,3,4'),
(1295, 9, 1, 0, 0, 15, '1,2,3,4'),
(1296, 9, 1, 0, 0, 17, '1,2,3,4'),
(1297, 9, 1, 0, 0, 18, '1,2,3,4'),
(1298, 9, 1, 0, 0, 19, '1,2,3,4'),
(1299, 9, 1, 0, 0, 20, '1,2,3,4'),
(1300, 9, 1, 0, 0, 21, '1,2,3,4'),
(1301, 9, 1, 0, 0, 23, '1,2,3,4'),
(1302, 9, 1, 0, 0, 24, '1,2,3,4'),
(1303, 9, 1, 0, 0, 25, '1,2,3,4'),
(1304, 9, 1, 0, 0, 26, '1,2,3,4'),
(1305, 9, 1, 0, 0, 28, '1,2,3,4'),
(1306, 9, 1, 0, 0, 29, '1,2,3,4'),
(1307, 9, 1, 0, 0, 30, '1,2,3,4'),
(1308, 9, 1, 0, 0, 31, '1,2,3,4'),
(1309, 9, 1, 0, 0, 32, '1,2,3,4'),
(1310, 9, 1, 0, 0, 56, '1,2,3,4'),
(1311, 9, 1, 0, 0, 59, '1,2,3,4'),
(1312, 9, 1, 0, 0, 60, '1,2,3,4'),
(1313, 9, 1, 0, 0, 91, '1,2,3,4'),
(1314, 9, 1, 0, 0, 94, '1,2,3,4'),
(1315, 9, 1, 0, 0, 95, '1,2,3,4'),
(1316, 9, 1, 0, 0, 97, '1,2,3,4'),
(1317, 9, 1, 0, 0, 98, '1,2,3,4'),
(1318, 9, 1, 0, 0, 101, '1,2,3,4'),
(1319, 9, 1, 0, 0, 102, '1,2,3,4'),
(1320, 9, 1, 0, 0, 104, '1,2,3,4'),
(1321, 9, 1, 0, 0, 107, '1,2,3,4'),
(1322, 9, 1, 0, 0, 109, '1,2,3,4'),
(1323, 9, 1, 0, 0, 110, '1,2,3,4'),
(1382, 10, 1, 0, 0, 11, '1,2,4'),
(1383, 10, 1, 0, 0, 14, '1,2,4'),
(1384, 10, 1, 0, 0, 15, '1,2,4'),
(1385, 10, 1, 0, 0, 17, '1,2,4'),
(1386, 10, 1, 0, 0, 18, '1,2,4'),
(1387, 10, 1, 0, 0, 19, '1,2,4'),
(1388, 10, 1, 0, 0, 20, '1,2,4'),
(1389, 10, 1, 0, 0, 21, '1,2,4'),
(1390, 10, 1, 0, 0, 23, '1,2,4'),
(1391, 10, 1, 0, 0, 24, '1,2,4'),
(1392, 10, 1, 0, 0, 25, '1,2,4'),
(1393, 10, 1, 0, 0, 26, '1,2,4'),
(1394, 10, 1, 0, 0, 28, '1,2,4'),
(1395, 10, 1, 0, 0, 29, '1,2,4'),
(1396, 10, 1, 0, 0, 30, '1,2,4'),
(1397, 10, 1, 0, 0, 31, '1,2,4'),
(1398, 10, 1, 0, 0, 32, '1,2,4'),
(1399, 10, 1, 0, 0, 56, '1,2,4'),
(1400, 10, 1, 0, 0, 59, '1,2,4'),
(1401, 10, 1, 0, 0, 60, '1,2,4'),
(1402, 16, 1, 0, 0, 11, '1,2,3,4'),
(1403, 16, 1, 0, 0, 14, '1,2,3,4'),
(1404, 16, 1, 0, 0, 15, '1,2,3,4'),
(1405, 16, 1, 0, 0, 17, '1,2,3,4'),
(1406, 16, 1, 0, 0, 18, '1,2,3,4'),
(1407, 16, 1, 0, 0, 19, '1,2,3,4'),
(1408, 16, 1, 0, 0, 20, '1,2,3,4'),
(1409, 16, 1, 0, 0, 21, '1,2,3,4'),
(1410, 16, 1, 0, 0, 23, '1,2,3,4'),
(1411, 16, 1, 0, 0, 24, '1,2,3,4'),
(1412, 16, 1, 0, 0, 25, '1,2,3,4'),
(1413, 16, 1, 0, 0, 26, '1,2,3,4'),
(1414, 16, 1, 0, 0, 28, '1,2,3,4'),
(1415, 16, 1, 0, 0, 29, '1,2,3,4'),
(1416, 16, 1, 0, 0, 30, '1,2,3,4'),
(1417, 16, 1, 0, 0, 31, '1,2,3,4'),
(1418, 16, 1, 0, 0, 32, '1,2,3,4'),
(1419, 16, 1, 0, 0, 56, '1,2,3,4'),
(1420, 16, 1, 0, 0, 59, '1,2,3,4'),
(1421, 16, 1, 0, 0, 60, '1,2,3,4'),
(1422, 16, 5, 21, 0, 11, '1,2,3,4'),
(1423, 16, 5, 21, 0, 14, '1,2,3,4'),
(1424, 16, 5, 21, 0, 15, '1,2,3,4'),
(1425, 16, 5, 21, 0, 17, '1,2,3,4'),
(1426, 16, 5, 21, 0, 18, '1,2,3,4'),
(1427, 16, 5, 21, 0, 19, '1,2,3,4'),
(1428, 16, 5, 21, 0, 20, '1,2,3,4'),
(1429, 16, 5, 21, 0, 21, '1,2,3,4'),
(1430, 16, 5, 21, 0, 23, '1,2,3,4'),
(1431, 16, 5, 21, 0, 24, '1,2,3,4'),
(1432, 16, 5, 21, 0, 25, '1,2,3,4'),
(1433, 16, 5, 21, 0, 26, '1,2,3,4'),
(1434, 16, 5, 21, 0, 28, '1,2,3,4'),
(1435, 16, 5, 21, 0, 29, '1,2,3,4'),
(1436, 16, 5, 21, 0, 30, '1,2,3,4'),
(1437, 16, 5, 21, 0, 31, '1,2,3,4'),
(1438, 16, 5, 21, 0, 32, '1,2,3,4'),
(1439, 16, 5, 21, 0, 56, '1,2,3,4'),
(1440, 16, 5, 21, 0, 59, '1,2,3,4'),
(1441, 16, 5, 21, 0, 60, '1,2,3,4'),
(1442, 16, 5, 22, 0, 11, '1,2,3,4'),
(1443, 16, 5, 22, 0, 14, '1,2,3,4'),
(1444, 16, 5, 22, 0, 15, '1,2,3,4'),
(1445, 16, 5, 22, 0, 17, '1,2,3,4'),
(1446, 16, 5, 22, 0, 18, '1,2,3,4'),
(1447, 16, 5, 22, 0, 19, '1,2,3,4'),
(1448, 16, 5, 22, 0, 20, '1,2,3,4'),
(1449, 16, 5, 22, 0, 21, '1,2,3,4'),
(1450, 16, 5, 22, 0, 23, '1,2,3,4'),
(1451, 16, 5, 22, 0, 24, '1,2,3,4'),
(1452, 16, 5, 22, 0, 25, '1,2,3,4'),
(1453, 16, 5, 22, 0, 26, '1,2,3,4'),
(1454, 16, 5, 22, 0, 28, '1,2,3,4'),
(1455, 16, 5, 22, 0, 29, '1,2,3,4'),
(1456, 16, 5, 22, 0, 30, '1,2,3,4'),
(1457, 16, 5, 22, 0, 31, '1,2,3,4'),
(1458, 16, 5, 22, 0, 32, '1,2,3,4'),
(1459, 16, 5, 22, 0, 56, '1,2,3,4'),
(1460, 16, 5, 22, 0, 59, '1,2,3,4'),
(1461, 16, 5, 22, 0, 60, '1,2,3,4'),
(1759, 17, 1, 0, 0, 11, '1,2,3,4'),
(1760, 17, 1, 0, 0, 14, '1,2,3,4'),
(1761, 17, 1, 0, 0, 15, '1,2,3,4'),
(1762, 17, 1, 0, 0, 17, '1,2,3,4'),
(1763, 17, 1, 0, 0, 18, '1,2,3,4'),
(1764, 17, 1, 0, 0, 19, '1,2,3,4'),
(1765, 17, 1, 0, 0, 20, '1,2,3,4'),
(1766, 17, 1, 0, 0, 21, '1,2,3,4'),
(1767, 17, 1, 0, 0, 23, '1,2,3,4'),
(1768, 17, 1, 0, 0, 24, '1,2,3,4'),
(1769, 17, 1, 0, 0, 25, '1,2,3,4'),
(1770, 17, 1, 0, 0, 26, '1,2,3,4'),
(1771, 17, 1, 0, 0, 28, '1,2,3,4'),
(1772, 17, 1, 0, 0, 30, '1,2,3,4'),
(1773, 17, 1, 0, 0, 56, '1,2,3,4'),
(1774, 17, 1, 0, 0, 59, '1,2,3,4'),
(1775, 17, 1, 0, 0, 60, '1,2,3,4'),
(1861, 18, 1, 0, 0, 11, '1,2,3,4'),
(1862, 18, 1, 0, 0, 14, '1,2,3,4'),
(1863, 18, 1, 0, 0, 15, '1,2,3,4'),
(1864, 18, 1, 0, 0, 17, '1,2,3,4'),
(1865, 18, 1, 0, 0, 18, '1,2,3,4'),
(1866, 18, 1, 0, 0, 19, '1,2,3,4'),
(1867, 18, 1, 0, 0, 20, '1,2,3,4'),
(1868, 18, 1, 0, 0, 21, '1,2,3,4'),
(1869, 18, 1, 0, 0, 23, '1,2,3,4'),
(1870, 18, 1, 0, 0, 24, '1,2,3,4'),
(1871, 18, 1, 0, 0, 25, '1,2,3,4'),
(1872, 18, 1, 0, 0, 26, '1,2,3,4'),
(1873, 18, 1, 0, 0, 28, '1,2,3,4'),
(1874, 18, 1, 0, 0, 29, '1,2,3'),
(1875, 18, 1, 0, 0, 30, '1,2,3,4'),
(1876, 18, 1, 0, 0, 56, '1,2,3,4'),
(1877, 18, 1, 0, 0, 59, '1,2,3,4'),
(1878, 18, 1, 0, 0, 60, '1,2,3,4'),
(1879, 8, 5, 30, 0, 21, '4'),
(1880, 8, 5, 30, 0, 24, '4'),
(1881, 8, 5, 30, 0, 28, '4'),
(1882, 8, 5, 30, 0, 30, '4'),
(1883, 8, 5, 30, 0, 31, '4'),
(1884, 8, 5, 30, 0, 32, '4'),
(1885, 8, 5, 30, 0, 95, '4'),
(1886, 8, 5, 30, 0, 101, '4'),
(1979, 19, 1, 0, 0, 11, '1,2,3,4'),
(1980, 19, 1, 0, 0, 14, '1,2,3,4'),
(1981, 19, 1, 0, 0, 15, '1,2,3,4'),
(1982, 19, 1, 0, 0, 17, '1,2,3,4'),
(1983, 19, 1, 0, 0, 18, '1,2,3,4'),
(1984, 19, 1, 0, 0, 19, '1,2,3,4'),
(1985, 19, 1, 0, 0, 20, '1,2,3,4'),
(1986, 19, 1, 0, 0, 21, '1,2,3,4'),
(1987, 19, 1, 0, 0, 23, '1,2,3,4'),
(1988, 19, 1, 0, 0, 24, '1,2,3,4'),
(1989, 19, 1, 0, 0, 25, '1,2,3,4'),
(1990, 19, 1, 0, 0, 26, '1,2,3,4'),
(1991, 19, 1, 0, 0, 28, '1,2,3,4'),
(1992, 19, 1, 0, 0, 91, '1,2,3,4'),
(1993, 19, 1, 0, 0, 104, '1,2,3,4'),
(2040, 18, 5, 34, 0, 11, '1'),
(2041, 18, 5, 34, 0, 14, '1'),
(2042, 18, 5, 34, 0, 15, '1'),
(2043, 18, 5, 34, 0, 23, '1'),
(2044, 18, 5, 34, 0, 24, '1'),
(2045, 18, 5, 34, 0, 25, '1'),
(2046, 18, 5, 34, 0, 26, '1'),
(2047, 18, 5, 34, 0, 28, '1'),
(2048, 18, 5, 34, 0, 29, '1'),
(2049, 18, 5, 34, 0, 30, '1'),
(2108, 21, 1, 0, 0, 11, '1,2,3,4'),
(2109, 21, 1, 0, 0, 14, '1,2,3,4'),
(2110, 21, 1, 0, 0, 15, '1,2,3,4'),
(2111, 21, 1, 0, 0, 17, '1,2,3,4'),
(2112, 21, 1, 0, 0, 18, '1,2,3,4'),
(2113, 21, 1, 0, 0, 19, '1,2,3,4'),
(2114, 21, 1, 0, 0, 20, '1,2,3,4'),
(2115, 21, 1, 0, 0, 21, '1,2,3,4'),
(2116, 21, 1, 0, 0, 23, '1,2,3,4'),
(2117, 21, 1, 0, 0, 24, '1,2,3,4'),
(2118, 21, 1, 0, 0, 25, '1,2,3,4'),
(2119, 21, 1, 0, 0, 26, '1,2,3,4'),
(2120, 21, 1, 0, 0, 28, '1,2,3,4'),
(2121, 21, 1, 0, 0, 30, '1,2,3,4'),
(2122, 21, 1, 0, 0, 31, '1,2,3,4'),
(2123, 21, 1, 0, 0, 32, '1,2,3,4'),
(2124, 21, 1, 0, 0, 56, '1,2,3,4'),
(2125, 21, 1, 0, 0, 59, '1,2,3,4'),
(2126, 21, 1, 0, 0, 60, '1,2,3,4'),
(2127, 21, 1, 0, 0, 91, '1,2,3,4'),
(2128, 8, 1, 0, 0, 11, '1,2,3,4'),
(2129, 8, 1, 0, 0, 14, '1,2,3,4'),
(2130, 8, 1, 0, 0, 15, '1,2,3,4'),
(2131, 8, 1, 0, 0, 17, '1,2,3,4'),
(2132, 8, 1, 0, 0, 18, '1,2,3,4'),
(2133, 8, 1, 0, 0, 19, '1,2,3,4'),
(2134, 8, 1, 0, 0, 20, '1,2,3,4'),
(2135, 8, 1, 0, 0, 21, '1,2,3,4'),
(2136, 8, 1, 0, 0, 23, '1,2,3,4'),
(2137, 8, 1, 0, 0, 24, '1,2,3,4'),
(2138, 8, 1, 0, 0, 25, '1,2,3,4'),
(2139, 8, 1, 0, 0, 26, '1,2,3,4'),
(2140, 8, 1, 0, 0, 28, '1,2,3,4'),
(2141, 8, 1, 0, 0, 29, '1,2,3,4'),
(2142, 8, 1, 0, 0, 31, '1,2,3,4'),
(2143, 8, 1, 0, 0, 32, '1,2,3,4'),
(2144, 8, 1, 0, 0, 56, '1,2,3,4'),
(2145, 8, 1, 0, 0, 59, '1,2,3,4'),
(2146, 8, 1, 0, 0, 60, '1,2,3,4'),
(2147, 8, 1, 0, 0, 95, '1,2,3,4'),
(2148, 8, 1, 0, 0, 97, '1,2,3,4'),
(2149, 8, 1, 0, 0, 98, '1,2,3,4'),
(2150, 8, 1, 0, 0, 101, '1,2,3,4'),
(2151, 8, 1, 0, 0, 104, '1,2,3,4'),
(2152, 8, 1, 0, 0, 109, '1,2,3,4'),
(2153, 8, 1, 0, 0, 110, '1,2,3,4'),
(2154, 22, 1, 0, 0, 11, '1,2'),
(2155, 22, 1, 0, 0, 14, '1,2,3,4'),
(2156, 22, 1, 0, 0, 15, '1,2'),
(2157, 22, 1, 0, 0, 17, '1,2'),
(2158, 22, 1, 0, 0, 18, '1,2'),
(2159, 22, 1, 0, 0, 19, '1,2'),
(2160, 22, 1, 0, 0, 20, ''),
(2161, 22, 1, 0, 0, 21, '1,2'),
(2162, 22, 1, 0, 0, 24, '1,2'),
(2163, 22, 1, 0, 0, 25, '1,2'),
(2164, 22, 1, 0, 0, 26, '1,2,3'),
(2165, 22, 1, 0, 0, 28, '1,2,3'),
(2166, 22, 1, 0, 0, 56, ''),
(2167, 22, 1, 0, 0, 59, '1,2,3'),
(2168, 22, 1, 0, 0, 60, '1,2,3'),
(2294, 23, 1, 0, 0, 11, '1,2,3,4'),
(2295, 23, 1, 0, 0, 14, '1,2,3,4'),
(2296, 23, 1, 0, 0, 15, '1,2,3,4'),
(2297, 23, 1, 0, 0, 17, '1,2,3,4'),
(2298, 23, 1, 0, 0, 18, '1,2,3,4'),
(2299, 23, 1, 0, 0, 19, '1,2,3,4'),
(2300, 23, 1, 0, 0, 20, '1,2,3,4'),
(2301, 23, 1, 0, 0, 21, '1,2,3,4'),
(2302, 23, 1, 0, 0, 23, '1,2,3,4'),
(2303, 23, 1, 0, 0, 24, '1,2,3,4'),
(2304, 23, 1, 0, 0, 25, '1,2,3,4'),
(2305, 23, 1, 0, 0, 26, '1,2,3,4'),
(2306, 23, 1, 0, 0, 28, '1,2,3,4'),
(2307, 23, 1, 0, 0, 29, '1,2,3,4'),
(2308, 23, 1, 0, 0, 30, '1,2,3,4'),
(2309, 23, 1, 0, 0, 31, '1,2,3,4'),
(2310, 23, 1, 0, 0, 32, '1,2,3,4'),
(2311, 23, 1, 0, 0, 56, '1,2,3,4'),
(2312, 23, 1, 0, 0, 59, '1,2,3,4'),
(2313, 23, 1, 0, 0, 60, '1,2,3,4'),
(2314, 23, 1, 0, 0, 91, '1,2,3,4'),
(2315, 23, 1, 0, 0, 97, '1,2,3,4'),
(2316, 23, 1, 0, 0, 98, '1,2,3,4'),
(2317, 23, 1, 0, 0, 104, '1,2,3,4'),
(2318, 23, 1, 0, 0, 107, '1,2,3,4'),
(2319, 23, 1, 0, 0, 111, '1,2,3,4'),
(2320, 23, 1, 0, 0, 114, '1,2,3,4'),
(2321, 23, 1, 0, 0, 115, '1,2,3,4'),
(2337, 20, 1, 0, 0, 11, '1,2,3,4'),
(2338, 20, 1, 0, 0, 14, '1,2,3,4'),
(2339, 20, 1, 0, 0, 15, '1,2,3,4'),
(2340, 20, 1, 0, 0, 17, '1,2,3,4'),
(2341, 20, 1, 0, 0, 18, '1,2,3,4'),
(2342, 20, 1, 0, 0, 19, '1,2,3,4'),
(2343, 20, 1, 0, 0, 20, '1,2,3,4'),
(2344, 20, 1, 0, 0, 21, '1,2,3,4'),
(2345, 20, 1, 0, 0, 23, '1,2,3,4'),
(2346, 20, 1, 0, 0, 24, '1,2,3,4'),
(2347, 20, 1, 0, 0, 25, '1,2,3,4'),
(2348, 20, 1, 0, 0, 26, '1,2,3,4'),
(2349, 20, 1, 0, 0, 28, '1,2,3,4'),
(2350, 20, 1, 0, 0, 59, '1,2,3,4'),
(2351, 20, 1, 0, 0, 60, '1,2,3,4'),
(2429, 25, 1, 0, 0, 11, '1,2,3,4'),
(2430, 25, 1, 0, 0, 14, '1,2,3,4'),
(2431, 25, 1, 0, 0, 15, '1,2,3,4'),
(2432, 25, 1, 0, 0, 17, '1,2,3,4'),
(2433, 25, 1, 0, 0, 18, '1,2,3,4'),
(2434, 25, 1, 0, 0, 19, '1,2,3,4'),
(2435, 25, 1, 0, 0, 20, '1,2,3,4'),
(2436, 25, 1, 0, 0, 21, '1,2,3,4'),
(2437, 25, 1, 0, 0, 23, '1,2,3,4'),
(2438, 25, 1, 0, 0, 24, '1,2,3,4'),
(2439, 25, 1, 0, 0, 25, '1,2,3,4'),
(2440, 25, 1, 0, 0, 26, '1,2,3,4'),
(2441, 25, 1, 0, 0, 28, '1,2,3,4'),
(2442, 25, 1, 0, 0, 29, '1,2,3,4'),
(2443, 25, 1, 0, 0, 30, '1,2,3,4'),
(2444, 25, 1, 0, 0, 31, '1,2,3,4'),
(2445, 25, 1, 0, 0, 32, '1,2,3,4'),
(2446, 25, 1, 0, 0, 56, '1,2,3,4'),
(2447, 25, 1, 0, 0, 59, '1,2,3,4'),
(2448, 25, 1, 0, 0, 60, '1,2,3,4'),
(2449, 25, 1, 0, 0, 91, '1,2,3,4'),
(2450, 25, 1, 0, 0, 94, '1,2,3,4'),
(2451, 25, 1, 0, 0, 95, '1,2,3,4'),
(2452, 25, 1, 0, 0, 97, '1,2,3,4'),
(2453, 25, 1, 0, 0, 98, '1,2,3,4'),
(2454, 25, 1, 0, 0, 101, '1,2,3,4'),
(2455, 25, 1, 0, 0, 102, '1,2,3,4'),
(2456, 25, 1, 0, 0, 104, '1,2,3,4'),
(2457, 25, 1, 0, 0, 107, '1,2,3,4'),
(2458, 25, 1, 0, 0, 109, '1,2,3,4'),
(2459, 25, 1, 0, 0, 110, '1,2,3,4'),
(2460, 25, 1, 0, 0, 111, '1,2,3,4'),
(2461, 25, 1, 0, 0, 113, '1,2,3,4'),
(2462, 25, 1, 0, 0, 114, '1,2,3,4'),
(2463, 25, 1, 0, 0, 115, '1,2,3,4'),
(2464, 25, 1, 0, 0, 116, '1,2,3,4'),
(2484, 24, 5, 44, 0, 14, '1,2,3,4'),
(2485, 24, 5, 44, 0, 15, '1,2,3,4'),
(2486, 24, 5, 44, 0, 21, '1,2,3,4'),
(2487, 24, 5, 44, 0, 23, '1,2,3,4'),
(2488, 24, 5, 44, 0, 24, '1,2,3,4'),
(2489, 24, 5, 44, 0, 25, '1,2,3,4'),
(2490, 24, 5, 44, 0, 26, '1,2,3,4'),
(2491, 24, 5, 44, 0, 28, '1,2,3,4'),
(2492, 24, 5, 44, 0, 111, '1,2,3,4'),
(2493, 24, 5, 45, 0, 14, '1,2,3,4'),
(2494, 24, 5, 45, 0, 15, '1,2,3,4'),
(2495, 24, 5, 45, 0, 21, '1,2,3,4'),
(2496, 24, 5, 45, 0, 23, '1,2,3,4'),
(2497, 24, 5, 45, 0, 24, '1,2,3,4'),
(2498, 24, 5, 45, 0, 25, '1,2,3,4'),
(2499, 24, 5, 45, 0, 26, '1,2,3,4'),
(2500, 24, 5, 45, 0, 28, '1,2,3,4'),
(2501, 24, 5, 45, 0, 111, '1,2,3,4'),
(2505, 24, 1, 0, 0, 11, '1,2,3,4'),
(2506, 24, 1, 0, 0, 14, '1,2,3'),
(2507, 24, 1, 0, 0, 15, '1,2,3'),
(2508, 24, 1, 0, 0, 17, '1,2,3,4'),
(2509, 24, 1, 0, 0, 18, '1,2,3,4'),
(2510, 24, 1, 0, 0, 19, '1,2,3,4'),
(2511, 24, 1, 0, 0, 20, '1,2,3,4'),
(2512, 24, 1, 0, 0, 21, '1,2,3,4'),
(2513, 24, 1, 0, 0, 23, '1,2,3,4'),
(2514, 24, 1, 0, 0, 24, '1,2,3,4'),
(2515, 24, 1, 0, 0, 25, '1,2,3'),
(2516, 24, 1, 0, 0, 26, '1,2,3,4'),
(2517, 24, 1, 0, 0, 28, '1,2,3'),
(2518, 24, 1, 0, 0, 30, '1,2,3'),
(2519, 24, 1, 0, 0, 31, '1,2,3'),
(2520, 24, 1, 0, 0, 56, '1,2,3,4'),
(2521, 24, 1, 0, 0, 59, '1,2,3,4'),
(2522, 24, 1, 0, 0, 60, '1,2,3,4'),
(2523, 24, 1, 0, 0, 111, '1,2,3,4'),
(2648, 27, 1, 0, 0, 11, '1,2,3,4'),
(2649, 27, 1, 0, 0, 14, '1,2,3'),
(2650, 27, 1, 0, 0, 15, '1,2,3'),
(2651, 27, 1, 0, 0, 17, '1,2,3,4'),
(2652, 27, 1, 0, 0, 18, '1,2,3,4'),
(2653, 27, 1, 0, 0, 19, '1,2,3,4'),
(2654, 27, 1, 0, 0, 20, '1,2,3,4'),
(2655, 27, 1, 0, 0, 21, '1,2,3,4'),
(2656, 27, 1, 0, 0, 23, '1,2,3'),
(2657, 27, 1, 0, 0, 24, '1,2,3,4'),
(2658, 27, 1, 0, 0, 25, '1,2,3,4'),
(2659, 27, 1, 0, 0, 26, '1,2,3,4'),
(2660, 27, 1, 0, 0, 28, '1,2,3'),
(2661, 27, 1, 0, 0, 59, '1,2,3'),
(2662, 27, 1, 0, 0, 60, '1,2,3'),
(2695, 24, 5, 48, 0, 14, '1,2,3,4'),
(2696, 24, 5, 48, 0, 15, '1,2,3,4'),
(2697, 24, 5, 48, 0, 23, '1,2,3'),
(2698, 24, 5, 48, 0, 24, '1,2,3'),
(2699, 24, 5, 48, 0, 25, '1,2,3'),
(2700, 24, 5, 48, 0, 111, '1,2,3,4'),
(2717, 1, 2, 0, 0, 11, '1,2,3,4'),
(2718, 1, 2, 0, 0, 14, '1,2,3,4'),
(2719, 1, 2, 0, 0, 15, '1,2,3,4'),
(2720, 1, 2, 0, 0, 17, '1,2,3,4'),
(2721, 1, 2, 0, 0, 18, '1,2,3,4'),
(2722, 1, 2, 0, 0, 19, '1,2,3,4'),
(2723, 1, 2, 0, 0, 20, '1,2,3,4'),
(2724, 1, 2, 0, 0, 21, '1,2,3,4'),
(2725, 1, 2, 0, 0, 23, '1,2,3,4'),
(2726, 1, 2, 0, 0, 24, '1,2,3,4'),
(2727, 1, 2, 0, 0, 25, '1,2,3,4'),
(2728, 1, 2, 0, 0, 26, '1,2,3,4'),
(2729, 1, 2, 0, 0, 28, '1,2,3,4'),
(2730, 1, 2, 0, 0, 29, '1,2,3,4'),
(2731, 1, 2, 0, 0, 30, '1,2,3,4'),
(2732, 1, 2, 0, 0, 31, '1,2,3,4'),
(2733, 1, 2, 0, 0, 32, '1,2,3,4'),
(2734, 1, 2, 0, 0, 56, '1,2,3,4'),
(2735, 1, 2, 0, 0, 59, '1,2,3,4'),
(2736, 1, 2, 0, 0, 60, '1,2,3,4'),
(2737, 1, 2, 0, 0, 95, '1,2,3,4'),
(2738, 1, 2, 0, 0, 97, '1,2,3,4'),
(2739, 1, 2, 0, 0, 98, '1,2,3,4'),
(2740, 1, 2, 0, 0, 101, '1,2,3,4'),
(2741, 1, 2, 0, 0, 113, '1,2,3,4'),
(2742, 1, 2, 0, 0, 114, '1,2,3,4'),
(2743, 1, 2, 0, 0, 115, '1,2,3,4'),
(2892, 29, 1, 0, 0, 11, '1,2,3,4'),
(2893, 29, 1, 0, 0, 14, '1,2,3,4'),
(2894, 29, 1, 0, 0, 15, '1,2,3,4'),
(2895, 29, 1, 0, 0, 17, '1,2,3,4'),
(2896, 29, 1, 0, 0, 18, '1,2,3,4'),
(2897, 29, 1, 0, 0, 19, '1,2,3,4'),
(2898, 29, 1, 0, 0, 20, '1,2,3,4'),
(2899, 29, 1, 0, 0, 21, '1,2,3,4'),
(2900, 29, 1, 0, 0, 23, '1,2,3,4'),
(2901, 29, 1, 0, 0, 24, '1,2,3,4'),
(2902, 29, 1, 0, 0, 25, '1,2,3,4'),
(2903, 29, 1, 0, 0, 26, '1,2,3,4'),
(2904, 29, 1, 0, 0, 28, '1,2,3,4'),
(2905, 29, 1, 0, 0, 29, '1,2,3,4'),
(2906, 29, 1, 0, 0, 30, '1,2,3,4'),
(2907, 29, 1, 0, 0, 56, '1,2,3,4'),
(2908, 29, 1, 0, 0, 59, '1,2,3,4'),
(2909, 29, 1, 0, 0, 60, '1,2,3,4'),
(2910, 29, 1, 0, 0, 91, '1,2,3,4'),
(2911, 29, 1, 0, 0, 107, '1,2,3,4'),
(2912, 29, 1, 0, 0, 111, '1,2,3,4'),
(2913, 29, 1, 0, 0, 122, '1,2,3,4'),
(2914, 1, 3, 0, 0, 14, '1,2,3,4'),
(2915, 1, 3, 0, 0, 15, '1,2,3,4'),
(2916, 1, 3, 0, 0, 24, '1,2,3,4'),
(2917, 1, 3, 0, 0, 25, '1,2,3,4'),
(2918, 1, 3, 0, 0, 26, '1,2,3,4'),
(2919, 1, 3, 0, 0, 28, '1,2,3,4'),
(2920, 1, 3, 0, 0, 30, '1,2,3,4'),
(2921, 1, 3, 0, 0, 31, '1,2,3,4'),
(2922, 1, 3, 0, 0, 114, '1,2,3,4'),
(2923, 30, 1, 0, 0, 11, '1,2,3,4'),
(2924, 30, 1, 0, 0, 14, '1,2,3,4'),
(2925, 30, 1, 0, 0, 15, '1,2,3,4'),
(2926, 30, 1, 0, 0, 17, '1,2,3,4'),
(2927, 30, 1, 0, 0, 18, '1,2,3,4'),
(2928, 30, 1, 0, 0, 19, '1,2,3,4'),
(2929, 30, 1, 0, 0, 20, '1,2,3,4'),
(2930, 30, 1, 0, 0, 21, '1,2,3,4'),
(2931, 30, 1, 0, 0, 23, '1,2,3,4'),
(2932, 30, 1, 0, 0, 24, '1,2,3,4'),
(2933, 30, 1, 0, 0, 25, '1,2,3,4'),
(2934, 30, 1, 0, 0, 26, '1,2,3,4'),
(2935, 30, 1, 0, 0, 28, '1,2,3,4'),
(2936, 30, 1, 0, 0, 30, '1,2,3,4'),
(2937, 30, 1, 0, 0, 31, '1,2,3,4'),
(2938, 30, 1, 0, 0, 32, '1,2,3,4'),
(2939, 30, 1, 0, 0, 56, '1,2,3,4'),
(2940, 30, 1, 0, 0, 59, '1,2,3,4'),
(2941, 30, 1, 0, 0, 60, '1,2,3,4'),
(2942, 30, 1, 0, 0, 91, '1,2,3,4'),
(2943, 30, 1, 0, 0, 97, '1,2,3,4'),
(2944, 30, 1, 0, 0, 98, '1,2,3,4'),
(2945, 30, 1, 0, 0, 111, '1,2,3,4'),
(2946, 30, 1, 0, 0, 114, '1,2,3,4'),
(2947, 30, 1, 0, 0, 120, '1,2,3,4'),
(2948, 30, 1, 0, 0, 121, '1,2,3,4'),
(2949, 30, 1, 0, 0, 122, '1,2,3,4'),
(3083, 31, 1, 0, 0, 11, '1,2,3,4'),
(3084, 31, 1, 0, 0, 14, '1,2,3,4'),
(3085, 31, 1, 0, 0, 15, '1,2,3,4'),
(3086, 31, 1, 0, 0, 17, '1,2,3,4'),
(3087, 31, 1, 0, 0, 18, '1,2,3,4'),
(3088, 31, 1, 0, 0, 19, '1,2,3,4'),
(3089, 31, 1, 0, 0, 20, '1,2,3,4'),
(3090, 31, 1, 0, 0, 21, '1,2,3,4'),
(3091, 31, 1, 0, 0, 23, '1,2,3,4'),
(3092, 31, 1, 0, 0, 24, '1,2,3,4'),
(3093, 31, 1, 0, 0, 25, '1,2,3,4'),
(3094, 31, 1, 0, 0, 26, '1,2,3,4'),
(3095, 31, 1, 0, 0, 28, '1,2,3,4'),
(3096, 31, 1, 0, 0, 30, '1,2,3,4'),
(3097, 31, 1, 0, 0, 31, '1,2,3,4'),
(3098, 31, 1, 0, 0, 32, '1,2,3,4'),
(3099, 31, 1, 0, 0, 56, '1,2,3,4'),
(3100, 31, 1, 0, 0, 59, '1,2,3,4'),
(3101, 31, 1, 0, 0, 60, '1,2,3,4'),
(3102, 31, 1, 0, 0, 97, '1,2,3,4'),
(3103, 31, 1, 0, 0, 98, '1,2,3,4'),
(3104, 31, 1, 0, 0, 111, '1,2,3,4'),
(3105, 31, 1, 0, 0, 122, '1,2,3,4'),
(3106, 32, 1, 0, 0, 11, '1,2,3,4'),
(3107, 32, 1, 0, 0, 14, '1,2,3,4'),
(3108, 32, 1, 0, 0, 15, '1,2,3,4'),
(3109, 32, 1, 0, 0, 17, '1,2,3,4'),
(3110, 32, 1, 0, 0, 18, '1,2,3,4'),
(3111, 32, 1, 0, 0, 19, '1,2,3,4'),
(3112, 32, 1, 0, 0, 20, '1,2,3,4'),
(3113, 32, 1, 0, 0, 21, '1,2,3,4'),
(3114, 32, 1, 0, 0, 24, '1,2,3,4'),
(3115, 32, 1, 0, 0, 25, '1,2,3,4'),
(3116, 32, 1, 0, 0, 26, '1,2,3,4'),
(3117, 32, 1, 0, 0, 28, '1,2,3,4'),
(3118, 32, 1, 0, 0, 30, '1,2,3,4'),
(3119, 32, 1, 0, 0, 31, '1,2,3,4'),
(3120, 32, 1, 0, 0, 32, '1,2,3,4'),
(3121, 32, 1, 0, 0, 56, '1,2,3,4'),
(3122, 32, 1, 0, 0, 59, '1,2,3,4'),
(3123, 32, 1, 0, 0, 60, '1,2,3,4'),
(3124, 32, 1, 0, 0, 91, '1,2,3,4'),
(3125, 32, 1, 0, 0, 94, '1,2,3,4'),
(3126, 32, 1, 0, 0, 95, '1,2,3,4'),
(3127, 32, 1, 0, 0, 97, '1,2,3,4'),
(3128, 32, 1, 0, 0, 98, '1,2,3,4'),
(3129, 32, 1, 0, 0, 111, '1,2,3,4'),
(3130, 32, 1, 0, 0, 120, '1,2,3,4'),
(3131, 32, 1, 0, 0, 121, '1,2,3,4'),
(3132, 32, 1, 0, 0, 122, '1,2,3,4'),
(3133, 32, 1, 0, 0, 127, '1,2,3,4'),
(3134, 33, 1, 0, 0, 11, '1,2,3,4'),
(3135, 33, 1, 0, 0, 14, '1,2,3,4'),
(3136, 33, 1, 0, 0, 15, '1,2,3,4'),
(3137, 33, 1, 0, 0, 17, '1,2,3,4'),
(3138, 33, 1, 0, 0, 18, '1,2,3,4'),
(3139, 33, 1, 0, 0, 19, '1,2,3,4'),
(3140, 33, 1, 0, 0, 20, '1,2,3,4'),
(3141, 33, 1, 0, 0, 21, '1,2,3,4'),
(3142, 33, 1, 0, 0, 23, '1,2,3,4'),
(3143, 33, 1, 0, 0, 24, '1,2,3,4'),
(3144, 33, 1, 0, 0, 25, '1,2,3,4'),
(3145, 33, 1, 0, 0, 26, '1,2,3,4'),
(3146, 33, 1, 0, 0, 28, '1,2,3,4'),
(3147, 33, 1, 0, 0, 56, '1,2,3,4'),
(3148, 33, 1, 0, 0, 59, '1,2,3,4'),
(3149, 33, 1, 0, 0, 60, '1,2,3,4'),
(3150, 33, 1, 0, 0, 91, '1,2,3,4'),
(3151, 33, 1, 0, 0, 94, '1,2,3,4'),
(3152, 33, 1, 0, 0, 95, '1,2,3,4'),
(3153, 33, 1, 0, 0, 97, '1,2,3,4'),
(3154, 33, 1, 0, 0, 98, '1,2,3,4'),
(3155, 33, 1, 0, 0, 111, '1,2,3,4'),
(3156, 33, 1, 0, 0, 120, '1,2,3,4'),
(3157, 33, 1, 0, 0, 122, '1,2,3,4'),
(3158, 34, 1, 0, 0, 11, '1,2,3,4'),
(3159, 34, 1, 0, 0, 14, '1,2,3,4'),
(3160, 34, 1, 0, 0, 15, '1,2,3,4'),
(3161, 34, 1, 0, 0, 17, '1,2,3,4'),
(3162, 34, 1, 0, 0, 18, '1,2,3,4'),
(3163, 34, 1, 0, 0, 19, '1,2,3,4'),
(3164, 34, 1, 0, 0, 20, '1,2,3,4'),
(3165, 34, 1, 0, 0, 21, '1,2,3,4'),
(3166, 34, 1, 0, 0, 23, '1,2,3,4'),
(3167, 34, 1, 0, 0, 24, '1,2,3,4'),
(3168, 34, 1, 0, 0, 25, '1,2,3,4'),
(3169, 34, 1, 0, 0, 26, '1,2,3,4'),
(3170, 34, 1, 0, 0, 28, '1,2,3,4'),
(3171, 34, 1, 0, 0, 30, '1,2,3,4'),
(3172, 34, 1, 0, 0, 31, '1,2,3,4'),
(3173, 34, 1, 0, 0, 32, '1,2,3,4'),
(3174, 34, 1, 0, 0, 56, '1,2,3,4'),
(3175, 34, 1, 0, 0, 59, '1,2,3,4'),
(3176, 34, 1, 0, 0, 60, '1,2,3,4'),
(3177, 34, 1, 0, 0, 91, '1,2,3,4'),
(3178, 34, 1, 0, 0, 94, '1,2,3,4'),
(3179, 34, 1, 0, 0, 95, '1,2,3,4'),
(3180, 34, 1, 0, 0, 97, '1,2,3,4'),
(3181, 34, 1, 0, 0, 98, '1,2,3,4'),
(3182, 34, 1, 0, 0, 101, '1,2,3,4'),
(3183, 34, 1, 0, 0, 111, '1,2,3,4'),
(3184, 34, 1, 0, 0, 114, '1,2,3,4'),
(3185, 34, 1, 0, 0, 116, '1,2,3,4'),
(3186, 34, 1, 0, 0, 120, '1,2,3,4'),
(3187, 34, 1, 0, 0, 121, '1,2,3,4'),
(3188, 34, 1, 0, 0, 122, '1,2,3,4'),
(3189, 26, 5, 59, 0, 59, ''),
(3190, 26, 5, 59, 0, 60, ''),
(3191, 26, 5, 59, 0, 95, ''),
(3192, 26, 5, 59, 0, 101, '1,2,3'),
(3193, 35, 1, 0, 0, 11, '1,2,3,4'),
(3194, 35, 1, 0, 0, 14, '1,2,3,4'),
(3195, 35, 1, 0, 0, 15, '1,2,3,4'),
(3196, 35, 1, 0, 0, 17, '1,2,3,4'),
(3197, 35, 1, 0, 0, 18, '1,2,3,4'),
(3198, 35, 1, 0, 0, 19, '1,2,3,4'),
(3199, 35, 1, 0, 0, 20, '1,2,3,4'),
(3200, 35, 1, 0, 0, 21, '1,2,3,4'),
(3201, 35, 1, 0, 0, 23, '1,2,3,4'),
(3202, 35, 1, 0, 0, 24, '1,2,3,4'),
(3203, 35, 1, 0, 0, 25, '1,2,3,4'),
(3204, 35, 1, 0, 0, 26, '1,2,3,4'),
(3205, 35, 1, 0, 0, 28, '1,2,3,4'),
(3206, 35, 1, 0, 0, 56, '1,2,3,4'),
(3207, 35, 1, 0, 0, 59, '1,2,3,4'),
(3208, 35, 1, 0, 0, 60, '1,2,3,4'),
(3209, 35, 1, 0, 0, 91, '1,2,3,4'),
(3210, 35, 1, 0, 0, 111, '1,2,3,4'),
(3211, 35, 1, 0, 0, 122, '1,2,3,4'),
(3270, 28, 1, 0, 0, 11, '1,2,3,4'),
(3271, 28, 1, 0, 0, 14, '1,2,3,4'),
(3272, 28, 1, 0, 0, 15, '1,2,3,4'),
(3273, 28, 1, 0, 0, 17, '1,2,3,4'),
(3274, 28, 1, 0, 0, 18, '1,2,3,4'),
(3275, 28, 1, 0, 0, 19, '1,2,3,4'),
(3276, 28, 1, 0, 0, 20, '1,2,3,4'),
(3277, 28, 1, 0, 0, 21, '1,2,3,4'),
(3278, 28, 1, 0, 0, 23, '1,2,3,4'),
(3279, 28, 1, 0, 0, 24, '1,2,3,4'),
(3280, 28, 1, 0, 0, 25, '1,2,3,4'),
(3281, 28, 1, 0, 0, 26, '1,2,3,4'),
(3282, 28, 1, 0, 0, 28, '1,2,3,4'),
(3283, 28, 1, 0, 0, 30, '1,2,3,4'),
(3284, 28, 1, 0, 0, 56, '1,2,3,4'),
(3285, 28, 1, 0, 0, 59, '1,2,3,4'),
(3286, 28, 1, 0, 0, 60, '1,2,3,4'),
(3287, 28, 1, 0, 0, 122, '1,2,3,4'),
(3288, 36, 1, 0, 0, 11, '1,2,3,4'),
(3289, 36, 1, 0, 0, 14, '1,2,3,4'),
(3290, 36, 1, 0, 0, 15, '1,2,3,4'),
(3291, 36, 1, 0, 0, 17, '1,2,3,4'),
(3292, 36, 1, 0, 0, 18, '1,2,3,4'),
(3293, 36, 1, 0, 0, 19, '1,2,3,4'),
(3294, 36, 1, 0, 0, 20, '1,2,3,4'),
(3295, 36, 1, 0, 0, 21, '1,2,3,4'),
(3296, 36, 1, 0, 0, 23, '1,2,3,4'),
(3297, 36, 1, 0, 0, 24, '1,2,3,4'),
(3298, 36, 1, 0, 0, 25, '1,2,3,4'),
(3299, 36, 1, 0, 0, 26, '1,2,3,4'),
(3300, 36, 1, 0, 0, 28, '1,2,3,4'),
(3301, 36, 1, 0, 0, 56, '1,2,3,4'),
(3302, 36, 1, 0, 0, 59, '1,2,3,4'),
(3303, 36, 1, 0, 0, 60, '1,2,3,4'),
(3304, 36, 1, 0, 0, 91, '1,2,3,4'),
(3305, 36, 1, 0, 0, 97, '1,2,3,4'),
(3306, 36, 1, 0, 0, 98, '1,2,3,4'),
(3307, 36, 1, 0, 0, 107, '1,2,3,4'),
(3308, 36, 1, 0, 0, 111, '1,2,3,4'),
(3309, 36, 1, 0, 0, 122, '1,2,3,4'),
(3310, 26, 1, 0, 0, 11, '1,2,3,4'),
(3311, 26, 1, 0, 0, 14, '1,2,3,4'),
(3312, 26, 1, 0, 0, 15, '1,2,3,4'),
(3313, 26, 1, 0, 0, 17, '1,2,3,4'),
(3314, 26, 1, 0, 0, 18, '1,2,3,4'),
(3315, 26, 1, 0, 0, 19, '1,2,3,4'),
(3316, 26, 1, 0, 0, 20, '1,2,3,4'),
(3317, 26, 1, 0, 0, 21, '1,2,3,4'),
(3318, 26, 1, 0, 0, 23, '1,2,3,4'),
(3319, 26, 1, 0, 0, 24, '1,2,3,4'),
(3320, 26, 1, 0, 0, 25, '1,2,3,4'),
(3321, 26, 1, 0, 0, 26, '1,2,3,4'),
(3322, 26, 1, 0, 0, 28, '1,2,3,4'),
(3323, 26, 1, 0, 0, 30, '1,2,3,4'),
(3324, 26, 1, 0, 0, 56, '1,2,3,4'),
(3325, 26, 1, 0, 0, 59, '1,2,3,4'),
(3326, 26, 1, 0, 0, 60, '1,2,3,4'),
(3327, 26, 1, 0, 0, 95, '1,2,3,4'),
(3328, 26, 1, 0, 0, 101, '1,2,3,4'),
(3329, 26, 1, 0, 0, 102, '1,2,3,4'),
(3330, 26, 1, 0, 0, 114, '1,2,3,4'),
(3331, 38, 1, 0, 0, 11, '1,2,3,4'),
(3332, 38, 1, 0, 0, 14, '1,2,3,4'),
(3333, 38, 1, 0, 0, 15, '1,2,3,4'),
(3334, 38, 1, 0, 0, 17, '1,2,3,4'),
(3335, 38, 1, 0, 0, 18, '1,2,3,4'),
(3336, 38, 1, 0, 0, 19, '1,2,3,4'),
(3337, 38, 1, 0, 0, 20, '1,2,3,4'),
(3338, 38, 1, 0, 0, 21, '1,2,3,4'),
(3339, 38, 1, 0, 0, 23, '1,2,3,4'),
(3340, 38, 1, 0, 0, 24, '1,2,3,4'),
(3341, 38, 1, 0, 0, 25, '1,2,3,4'),
(3342, 38, 1, 0, 0, 26, '1,2,3,4'),
(3343, 38, 1, 0, 0, 28, '1,2,3,4'),
(3344, 38, 1, 0, 0, 56, '1,2,3,4'),
(3345, 38, 1, 0, 0, 59, '1,2,3,4'),
(3346, 38, 1, 0, 0, 60, '1,2,3,4'),
(3347, 38, 1, 0, 0, 91, '1,2,3,4'),
(3348, 38, 1, 0, 0, 111, '1,2,3,4'),
(3349, 38, 1, 0, 0, 122, '1,2,3,4'),
(3350, 39, 1, 0, 0, 11, '1,2,3,4'),
(3351, 39, 1, 0, 0, 14, '1,2,3,4'),
(3352, 39, 1, 0, 0, 15, '1,2,3,4'),
(3353, 39, 1, 0, 0, 17, '1,2,3,4'),
(3354, 39, 1, 0, 0, 18, '1,2,3,4'),
(3355, 39, 1, 0, 0, 19, '1,2,3,4'),
(3356, 39, 1, 0, 0, 20, '1,2,3,4'),
(3357, 39, 1, 0, 0, 21, '1,2,3,4'),
(3358, 39, 1, 0, 0, 23, '1,2,3,4'),
(3359, 39, 1, 0, 0, 24, '1,2,3,4'),
(3360, 39, 1, 0, 0, 25, '1,2,3,4'),
(3361, 39, 1, 0, 0, 26, '1,2,3,4'),
(3362, 39, 1, 0, 0, 28, '1,2,3,4'),
(3363, 39, 1, 0, 0, 30, '1,2,3,4'),
(3364, 39, 1, 0, 0, 56, '1,2,3,4'),
(3365, 39, 1, 0, 0, 59, '1,2,3,4'),
(3366, 39, 1, 0, 0, 60, '1,2,3,4'),
(3367, 39, 1, 0, 0, 122, '1,2,3,4'),
(3368, 37, 1, 0, 0, 11, '1,2,3,4'),
(3369, 37, 1, 0, 0, 14, '1,2,3,4'),
(3370, 37, 1, 0, 0, 15, '1,2,3,4'),
(3371, 37, 1, 0, 0, 17, '1,2,3,4'),
(3372, 37, 1, 0, 0, 18, '1,2,3,4'),
(3373, 37, 1, 0, 0, 19, '1,2,3,4'),
(3374, 37, 1, 0, 0, 20, '1,2,3,4'),
(3375, 37, 1, 0, 0, 21, '1,2,3,4'),
(3376, 37, 1, 0, 0, 23, '1,2,3,4'),
(3377, 37, 1, 0, 0, 24, '1,2,3,4'),
(3378, 37, 1, 0, 0, 25, '1,2,3,4'),
(3379, 37, 1, 0, 0, 26, '1,2,3,4'),
(3380, 37, 1, 0, 0, 28, '1,2,3,4'),
(3381, 37, 1, 0, 0, 30, '1,2,3,4'),
(3382, 37, 1, 0, 0, 56, '1,2,3,4'),
(3383, 37, 1, 0, 0, 59, '1,2,3,4'),
(3384, 37, 1, 0, 0, 60, '1,2,3,4'),
(3385, 37, 1, 0, 0, 111, '1,2,3,4'),
(3386, 37, 1, 0, 0, 122, '1,2,3,4'),
(3387, 40, 1, 0, 0, 11, '1,2,3,4'),
(3388, 40, 1, 0, 0, 14, '1,2,3,4'),
(3389, 40, 1, 0, 0, 15, '1,2,3,4'),
(3390, 40, 1, 0, 0, 17, '1,2,3,4'),
(3391, 40, 1, 0, 0, 18, '1,2,3,4'),
(3392, 40, 1, 0, 0, 19, '1,2,3,4'),
(3393, 40, 1, 0, 0, 20, '1,2,3,4'),
(3394, 40, 1, 0, 0, 21, '1,2,3,4'),
(3395, 40, 1, 0, 0, 23, '1,2,3,4'),
(3396, 40, 1, 0, 0, 24, '1,2,3,4'),
(3397, 40, 1, 0, 0, 25, '1,2,3,4'),
(3398, 40, 1, 0, 0, 26, '1,2,3,4'),
(3399, 40, 1, 0, 0, 28, '1,2,3,4'),
(3400, 40, 1, 0, 0, 30, '1,2,3,4'),
(3401, 40, 1, 0, 0, 31, '1,2,3,4'),
(3402, 40, 1, 0, 0, 32, '1,2,3,4'),
(3403, 40, 1, 0, 0, 56, '1,2,3,4'),
(3404, 40, 1, 0, 0, 59, '1,2,3,4'),
(3405, 40, 1, 0, 0, 60, '1,2,3,4'),
(3406, 40, 1, 0, 0, 97, '1,2,3,4'),
(3407, 40, 1, 0, 0, 98, '1,2,3,4'),
(3408, 40, 1, 0, 0, 113, '1,2,3,4'),
(3409, 40, 1, 0, 0, 114, '1,2,3,4'),
(3410, 40, 1, 0, 0, 122, '1,2,3,4'),
(3428, 42, 1, 0, 0, 11, '1,2,3,4'),
(3429, 42, 1, 0, 0, 14, '1,2,3,4'),
(3430, 42, 1, 0, 0, 15, '1,2,3,4'),
(3431, 42, 1, 0, 0, 17, '1,2,3,4'),
(3432, 42, 1, 0, 0, 18, '1,2,3,4'),
(3433, 42, 1, 0, 0, 19, '1,2,3,4'),
(3434, 42, 1, 0, 0, 20, '1,2,3,4'),
(3435, 42, 1, 0, 0, 21, '1,2,3,4'),
(3436, 42, 1, 0, 0, 23, '1,2,3,4'),
(3437, 42, 1, 0, 0, 24, '1,2,3,4'),
(3438, 42, 1, 0, 0, 25, '1,2,3,4'),
(3439, 42, 1, 0, 0, 26, '1,2,3,4'),
(3440, 42, 1, 0, 0, 28, '1,2,3,4'),
(3441, 42, 1, 0, 0, 30, '1,2,3,4'),
(3442, 42, 1, 0, 0, 56, '1,2,3,4'),
(3443, 42, 1, 0, 0, 59, '1,2,3,4'),
(3444, 42, 1, 0, 0, 60, '1,2,3,4'),
(3445, 42, 1, 0, 0, 122, '1,2,3,4'),
(3464, 39, 2, 0, 0, 11, '1,2,3,4'),
(3465, 39, 2, 0, 0, 14, '1,2,3,4'),
(3466, 39, 2, 0, 0, 15, '1,2,3,4'),
(3467, 39, 2, 0, 0, 17, '1,2,3,4'),
(3468, 39, 2, 0, 0, 18, '1,2,3,4'),
(3469, 39, 2, 0, 0, 19, '1,2,3,4'),
(3470, 39, 2, 0, 0, 20, '1,2,3,4'),
(3471, 39, 2, 0, 0, 21, '1,2,3,4'),
(3472, 39, 2, 0, 0, 23, '1,2,3,4'),
(3473, 39, 2, 0, 0, 24, '1,2,3,4'),
(3474, 39, 2, 0, 0, 25, '1,2,3,4'),
(3475, 39, 2, 0, 0, 26, '1,2,3,4'),
(3476, 39, 2, 0, 0, 28, '1,2,3,4'),
(3477, 39, 2, 0, 0, 30, '1,2,3,4'),
(3478, 39, 2, 0, 0, 56, '1,2,3,4'),
(3479, 39, 2, 0, 0, 59, '1,2,3,4'),
(3480, 39, 2, 0, 0, 60, '1,2,3,4'),
(3481, 39, 2, 0, 0, 122, '1,2,3,4'),
(3500, 42, 5, 108, 0, 11, ''),
(3501, 42, 5, 108, 0, 14, ''),
(3502, 42, 5, 108, 0, 15, ''),
(3503, 42, 5, 108, 0, 17, ''),
(3504, 42, 5, 108, 0, 18, ''),
(3505, 42, 5, 108, 0, 19, ''),
(3506, 42, 5, 108, 0, 20, ''),
(3507, 42, 5, 108, 0, 21, ''),
(3508, 42, 5, 108, 0, 23, ''),
(3509, 42, 5, 108, 0, 24, ''),
(3510, 42, 5, 108, 0, 25, ''),
(3511, 42, 5, 108, 0, 26, ''),
(3512, 42, 5, 108, 0, 28, ''),
(3513, 42, 5, 108, 0, 30, ''),
(3514, 42, 5, 108, 0, 56, ''),
(3515, 42, 5, 108, 0, 59, ''),
(3516, 42, 5, 108, 0, 60, ''),
(3517, 42, 5, 108, 0, 122, ''),
(3572, 43, 1, 0, 0, 11, '1,2,3,4'),
(3573, 43, 1, 0, 0, 14, '1,2,3,4'),
(3574, 43, 1, 0, 0, 15, '1,2,3,4'),
(3575, 43, 1, 0, 0, 17, '1,2,3,4'),
(3576, 43, 1, 0, 0, 19, '1,2,3,4'),
(3577, 43, 1, 0, 0, 20, '1,2,3,4'),
(3578, 43, 1, 0, 0, 21, '1,2,3,4'),
(3579, 43, 1, 0, 0, 23, '1,2,3,4'),
(3580, 43, 1, 0, 0, 24, '1,2,3,4'),
(3581, 43, 1, 0, 0, 25, '1,2,3,4'),
(3582, 43, 1, 0, 0, 26, '1,2,3,4'),
(3583, 43, 1, 0, 0, 28, '1,2,3,4'),
(3584, 43, 1, 0, 0, 59, '1,2,3,4'),
(3585, 43, 1, 0, 0, 60, '1,2,3,4'),
(3586, 43, 1, 0, 0, 122, '1,2,3,4'),
(3587, 42, 5, 111, 0, 11, '1,2,3,4'),
(3588, 42, 5, 111, 0, 14, '1,2,3,4'),
(3589, 42, 5, 111, 0, 15, '1,2,3,4'),
(3590, 42, 5, 111, 0, 17, '1,2,3,4'),
(3591, 42, 5, 111, 0, 18, '1,2,3,4'),
(3592, 42, 5, 111, 0, 19, '1,2,3,4'),
(3593, 42, 5, 111, 0, 20, '1,2,3,4'),
(3594, 42, 5, 111, 0, 21, '1,2,3,4'),
(3595, 42, 5, 111, 0, 23, '1,2,3,4'),
(3596, 42, 5, 111, 0, 24, '1,2,3,4'),
(3597, 42, 5, 111, 0, 25, '1,2,3,4'),
(3598, 42, 5, 111, 0, 26, '1,2,3,4'),
(3599, 42, 5, 111, 0, 28, '1,2,3,4'),
(3600, 42, 5, 111, 0, 30, '1,2,3,4'),
(3601, 42, 5, 111, 0, 56, '1,2,3,4'),
(3602, 42, 5, 111, 0, 59, '1,2,3,4'),
(3603, 42, 5, 111, 0, 60, '1,2,3,4'),
(3604, 42, 5, 111, 0, 122, '1,2,3,4'),
(3605, 42, 5, 112, 0, 11, '1,2,3,4'),
(3606, 42, 5, 112, 0, 14, '1,2,3,4'),
(3607, 42, 5, 112, 0, 15, '1,2,3,4'),
(3608, 42, 5, 112, 0, 17, '1,2,3,4'),
(3609, 42, 5, 112, 0, 18, '1,2,3,4'),
(3610, 42, 5, 112, 0, 19, '1,2,3,4'),
(3611, 42, 5, 112, 0, 20, '1,2,3,4'),
(3612, 42, 5, 112, 0, 21, '1,2,3,4'),
(3613, 42, 5, 112, 0, 23, '1,2,3,4'),
(3614, 42, 5, 112, 0, 24, '1,2,3,4'),
(3615, 42, 5, 112, 0, 25, '1,2,3,4'),
(3616, 42, 5, 112, 0, 26, '1,2,3,4'),
(3617, 42, 5, 112, 0, 28, '1,2,3,4'),
(3618, 42, 5, 112, 0, 30, '1,2,3,4'),
(3619, 42, 5, 112, 0, 56, '1,2,3,4'),
(3620, 42, 5, 112, 0, 59, '1,2,3,4'),
(3621, 42, 5, 112, 0, 60, '1,2,3,4'),
(3622, 42, 5, 112, 0, 122, '1,2,3,4'),
(3623, 42, 5, 104, 0, 19, '1'),
(3624, 42, 5, 104, 0, 20, '1'),
(3625, 42, 5, 104, 0, 21, '1'),
(3626, 42, 5, 104, 0, 24, '1'),
(3627, 42, 5, 104, 0, 28, '1'),
(3628, 44, 1, 0, 0, 11, '1,2,3,4'),
(3629, 44, 1, 0, 0, 14, '1,2,3,4'),
(3630, 44, 1, 0, 0, 15, '1,2,3,4'),
(3631, 44, 1, 0, 0, 17, '1,2,3,4'),
(3632, 44, 1, 0, 0, 18, '1,2,3,4'),
(3633, 44, 1, 0, 0, 19, '1,2,3,4'),
(3634, 44, 1, 0, 0, 20, '1,2,3,4'),
(3635, 44, 1, 0, 0, 21, '1,2,3,4'),
(3636, 44, 1, 0, 0, 23, '1,2,3,4'),
(3637, 44, 1, 0, 0, 24, '1,2,3,4'),
(3638, 44, 1, 0, 0, 25, '1,2,3,4'),
(3639, 44, 1, 0, 0, 26, '1,2,3,4'),
(3640, 44, 1, 0, 0, 28, '1,2,3,4'),
(3641, 44, 1, 0, 0, 30, '1,2,3,4'),
(3642, 44, 1, 0, 0, 56, '1,2,3,4'),
(3643, 44, 1, 0, 0, 59, '1,2,3,4'),
(3644, 44, 1, 0, 0, 60, '1,2,3,4'),
(3645, 44, 1, 0, 0, 122, '1,2,3,4'),
(3646, 45, 1, 0, 0, 11, '1,2,3,4'),
(3647, 45, 1, 0, 0, 14, '1,2,3,4'),
(3648, 45, 1, 0, 0, 15, '1,2,3,4'),
(3649, 45, 1, 0, 0, 17, '1,2,3,4'),
(3650, 45, 1, 0, 0, 18, '1,2,3,4'),
(3651, 45, 1, 0, 0, 19, '1,2,3,4'),
(3652, 45, 1, 0, 0, 20, '1,2,3,4'),
(3653, 45, 1, 0, 0, 21, '1,2,3,4'),
(3654, 45, 1, 0, 0, 23, '1,2,3,4'),
(3655, 45, 1, 0, 0, 24, '1,2,3,4'),
(3656, 45, 1, 0, 0, 25, '1,2,3,4'),
(3657, 45, 1, 0, 0, 26, '1,2,3,4'),
(3658, 45, 1, 0, 0, 28, '1,2,3,4'),
(3659, 45, 1, 0, 0, 30, '1,2,3,4'),
(3660, 45, 1, 0, 0, 59, '1,2,3,4'),
(3661, 45, 1, 0, 0, 60, '1,2,3,4'),
(3662, 45, 1, 0, 0, 122, '1,2,3,4'),
(3697, 46, 5, 128, 0, 14, '1,2,3'),
(3698, 46, 5, 128, 0, 15, '1,2,3'),
(3699, 47, 1, 0, 0, 11, '1,2,3,4'),
(3700, 47, 1, 0, 0, 14, '1,2,3,4'),
(3701, 47, 1, 0, 0, 15, '1,2,3,4'),
(3702, 47, 1, 0, 0, 17, '1,2,3,4'),
(3703, 47, 1, 0, 0, 18, '1,2,3,4'),
(3704, 47, 1, 0, 0, 19, '1,2,3,4'),
(3705, 47, 1, 0, 0, 20, '1,2,3,4'),
(3706, 47, 1, 0, 0, 21, '1,2,3,4'),
(3707, 47, 1, 0, 0, 23, '1,2,3,4'),
(3708, 47, 1, 0, 0, 24, '1,2,3,4'),
(3709, 47, 1, 0, 0, 25, '1,2,3,4'),
(3710, 47, 1, 0, 0, 26, '1,2,3,4'),
(3711, 47, 1, 0, 0, 28, '1,2,3,4'),
(3712, 47, 1, 0, 0, 30, '1,2,3,4'),
(3713, 47, 1, 0, 0, 56, '1,2,3,4'),
(3714, 47, 1, 0, 0, 59, '1,2,3,4'),
(3715, 47, 1, 0, 0, 60, '1,2,3,4'),
(3716, 47, 1, 0, 0, 122, '1,2,3,4'),
(3717, 48, 1, 0, 0, 11, '1,2,3,4'),
(3718, 48, 1, 0, 0, 14, '1,2,3,4'),
(3719, 48, 1, 0, 0, 15, '1,2,3,4'),
(3720, 48, 1, 0, 0, 17, '1,2,3,4'),
(3721, 48, 1, 0, 0, 18, '1,2,3,4'),
(3722, 48, 1, 0, 0, 19, '1,2,3,4'),
(3723, 48, 1, 0, 0, 20, '1,2,3,4'),
(3724, 48, 1, 0, 0, 21, '1,2,3,4'),
(3725, 48, 1, 0, 0, 23, '1,2,3,4'),
(3726, 48, 1, 0, 0, 24, '1,2,3,4'),
(3727, 48, 1, 0, 0, 25, '1,2,3,4'),
(3728, 48, 1, 0, 0, 26, '1,2,3,4'),
(3729, 48, 1, 0, 0, 28, '1,2,3,4'),
(3730, 48, 1, 0, 0, 30, '1,2,3,4'),
(3731, 48, 1, 0, 0, 59, '1,2,3,4'),
(3732, 48, 1, 0, 0, 60, '1,2,3,4'),
(3733, 48, 1, 0, 0, 122, '1,2,3,4'),
(3734, 49, 1, 0, 0, 11, '1,2,3,4'),
(3735, 49, 1, 0, 0, 14, '1,2,3,4'),
(3736, 49, 1, 0, 0, 15, '1,2,3,4'),
(3737, 49, 1, 0, 0, 17, '1,2,3,4'),
(3738, 49, 1, 0, 0, 18, '1,2,3,4'),
(3739, 49, 1, 0, 0, 19, '1,2,3,4'),
(3740, 49, 1, 0, 0, 20, '1,2,3,4'),
(3741, 49, 1, 0, 0, 21, '1,2,3,4'),
(3742, 49, 1, 0, 0, 23, '1,2,3,4'),
(3743, 49, 1, 0, 0, 24, '1,2,3,4'),
(3744, 49, 1, 0, 0, 25, '1,2,3,4'),
(3745, 49, 1, 0, 0, 26, '1,2,3,4'),
(3746, 49, 1, 0, 0, 28, '1,2,3,4'),
(3747, 49, 1, 0, 0, 30, '1,2,3,4'),
(3748, 49, 1, 0, 0, 59, '1,2,3,4'),
(3749, 49, 1, 0, 0, 60, '1,2,3,4'),
(3750, 49, 1, 0, 0, 115, '1,2,3,4'),
(3751, 49, 1, 0, 0, 122, '1,2,3,4'),
(3752, 41, 1, 0, 0, 11, '1,2,3,4'),
(3753, 41, 1, 0, 0, 14, '1,2,3,4'),
(3754, 41, 1, 0, 0, 15, '1,2,3,4'),
(3755, 41, 1, 0, 0, 17, '1,2,3,4'),
(3756, 41, 1, 0, 0, 18, '1,2,3,4'),
(3757, 41, 1, 0, 0, 19, '1,2,3,4'),
(3758, 41, 1, 0, 0, 20, '1,2,3,4'),
(3759, 41, 1, 0, 0, 21, '1,2,3,4'),
(3760, 41, 1, 0, 0, 23, '1,2,3,4'),
(3761, 41, 1, 0, 0, 24, '1,2,3,4'),
(3762, 41, 1, 0, 0, 25, '1,2,3,4'),
(3763, 41, 1, 0, 0, 26, '1,2,3,4'),
(3764, 41, 1, 0, 0, 28, '1,2,3,4'),
(3765, 41, 1, 0, 0, 30, '1,2,3,4'),
(3766, 41, 1, 0, 0, 56, '1,2,3,4'),
(3767, 41, 1, 0, 0, 59, '1,2,3,4'),
(3768, 41, 1, 0, 0, 60, '1,2,3,4'),
(3769, 41, 1, 0, 0, 122, '1,2,3,4'),
(3770, 50, 1, 0, 0, 11, '1,2,3,4'),
(3771, 50, 1, 0, 0, 14, '1,2,3,4'),
(3772, 50, 1, 0, 0, 15, '1,2,3,4'),
(3773, 50, 1, 0, 0, 17, '1,2,3,4'),
(3774, 50, 1, 0, 0, 18, '1,2,3,4'),
(3775, 50, 1, 0, 0, 19, '1,2,3,4'),
(3776, 50, 1, 0, 0, 20, '1,2,3,4'),
(3777, 50, 1, 0, 0, 21, '1,2,3,4'),
(3778, 50, 1, 0, 0, 23, '1,2,3,4'),
(3779, 50, 1, 0, 0, 24, '1,2,3,4'),
(3780, 50, 1, 0, 0, 25, '1,2,3,4'),
(3781, 50, 1, 0, 0, 26, '1,2,3,4'),
(3782, 50, 1, 0, 0, 28, '1,2,3,4'),
(3783, 50, 1, 0, 0, 30, '1,2,3,4'),
(3784, 50, 1, 0, 0, 32, '1,2,3,4'),
(3785, 50, 1, 0, 0, 56, '1,2,3,4'),
(3786, 50, 1, 0, 0, 59, '1,2,3,4'),
(3787, 50, 1, 0, 0, 60, '1,2,3,4'),
(3788, 50, 1, 0, 0, 97, '1,2,3,4'),
(3789, 50, 1, 0, 0, 98, '1,2,3,4'),
(3790, 50, 1, 0, 0, 122, '1,2,3,4'),
(3791, 51, 1, 0, 0, 11, '1,2,3,4'),
(3792, 51, 1, 0, 0, 14, '1,2,3,4'),
(3793, 51, 1, 0, 0, 15, '1,2,3,4'),
(3794, 51, 1, 0, 0, 17, '1,2,3,4'),
(3795, 51, 1, 0, 0, 18, '1,2,3,4'),
(3796, 51, 1, 0, 0, 19, '1,2,3,4'),
(3797, 51, 1, 0, 0, 20, '1,2,3,4'),
(3798, 51, 1, 0, 0, 21, '1,2,3,4'),
(3799, 51, 1, 0, 0, 23, '1,2,3,4'),
(3800, 51, 1, 0, 0, 24, '1,2,3,4'),
(3801, 51, 1, 0, 0, 25, '1,2,3,4'),
(3802, 51, 1, 0, 0, 26, '1,2,3,4'),
(3803, 51, 1, 0, 0, 28, '1,2,3,4'),
(3804, 51, 1, 0, 0, 30, '1,2,3,4'),
(3805, 51, 1, 0, 0, 56, '1,2,3,4'),
(3806, 51, 1, 0, 0, 59, '1,2,3,4'),
(3807, 51, 1, 0, 0, 60, '1,2,3,4'),
(3808, 51, 1, 0, 0, 122, '1,2,3,4'),
(3826, 46, 1, 0, 0, 11, '1,2,3,4'),
(3827, 46, 1, 0, 0, 14, '1,2,3,4'),
(3828, 46, 1, 0, 0, 15, '1,2,3,4'),
(3829, 46, 1, 0, 0, 17, '1,2,3,4'),
(3830, 46, 1, 0, 0, 18, '1,2,3,4'),
(3831, 46, 1, 0, 0, 19, '1,2,3,4'),
(3832, 46, 1, 0, 0, 20, '1,2,3,4'),
(3833, 46, 1, 0, 0, 21, '1,2,3,4'),
(3834, 46, 1, 0, 0, 23, '1,2,3,4'),
(3835, 46, 1, 0, 0, 24, '1,2,3,4'),
(3836, 46, 1, 0, 0, 25, '1,2,3,4'),
(3837, 46, 1, 0, 0, 26, '1,2,3,4'),
(3838, 46, 1, 0, 0, 28, '1,2,3,4'),
(3839, 46, 1, 0, 0, 30, '1,2,3,4'),
(3840, 46, 1, 0, 0, 56, '1,2,3,4'),
(3841, 46, 1, 0, 0, 59, '1,2,3,4'),
(3842, 46, 1, 0, 0, 60, '1,2,3,4'),
(3843, 46, 1, 0, 0, 122, '1,2,3,4'),
(3844, 53, 1, 0, 0, 11, '1,2,3,4'),
(3845, 53, 1, 0, 0, 14, '1,2,3,4'),
(3846, 53, 1, 0, 0, 15, '1,2,3,4'),
(3847, 53, 1, 0, 0, 17, '1,2,3,4'),
(3848, 53, 1, 0, 0, 19, '1,2,3,4'),
(3849, 53, 1, 0, 0, 20, '1,2,3,4'),
(3850, 53, 1, 0, 0, 21, '1,2,3,4'),
(3851, 53, 1, 0, 0, 23, '1,2,3,4'),
(3852, 53, 1, 0, 0, 24, '1,2,3,4'),
(3853, 53, 1, 0, 0, 25, '1,2,3,4'),
(3854, 53, 1, 0, 0, 26, '1,2,3,4'),
(3855, 53, 1, 0, 0, 28, '1,2,3,4'),
(3856, 53, 1, 0, 0, 30, '1,2,3,4'),
(3857, 53, 1, 0, 0, 56, '1,2,3,4'),
(3858, 53, 1, 0, 0, 59, '1,2,3,4'),
(3859, 53, 1, 0, 0, 60, '1,2,3,4'),
(3860, 53, 1, 0, 0, 122, '1,2,3,4'),
(3861, 54, 1, 0, 0, 11, '1,2,3,4'),
(3862, 54, 1, 0, 0, 14, '1,2,3,4'),
(3863, 54, 1, 0, 0, 15, '1,2,3,4'),
(3864, 54, 1, 0, 0, 17, '1,2,3,4'),
(3865, 54, 1, 0, 0, 19, '1,2,3,4'),
(3866, 54, 1, 0, 0, 20, '1,2,3,4'),
(3867, 54, 1, 0, 0, 21, '1,2,3,4'),
(3868, 54, 1, 0, 0, 23, '1,2,3,4'),
(3869, 54, 1, 0, 0, 24, '1,2,3,4'),
(3870, 54, 1, 0, 0, 25, '1,2,3,4'),
(3871, 54, 1, 0, 0, 26, '1,2,3,4'),
(3872, 54, 1, 0, 0, 28, '1,2,3,4'),
(3873, 54, 1, 0, 0, 30, '1,2,3,4'),
(3874, 54, 1, 0, 0, 56, '1,2,3,4'),
(3875, 54, 1, 0, 0, 59, '1,2,3,4'),
(3876, 54, 1, 0, 0, 60, '1,2,3,4'),
(3877, 54, 1, 0, 0, 122, '1,2,3,4'),
(3878, 55, 1, 0, 0, 11, '1,2,3,4'),
(3879, 55, 1, 0, 0, 14, '1,2,3,4'),
(3880, 55, 1, 0, 0, 15, '1,2,3,4'),
(3881, 55, 1, 0, 0, 17, '1,2,3,4'),
(3882, 55, 1, 0, 0, 19, '1,2,3,4'),
(3883, 55, 1, 0, 0, 20, '1,2,3,4'),
(3884, 55, 1, 0, 0, 21, '1,2,3,4'),
(3885, 55, 1, 0, 0, 23, '1,2,3,4'),
(3886, 55, 1, 0, 0, 24, '1,2,3,4'),
(3887, 55, 1, 0, 0, 25, '1,2,3,4'),
(3888, 55, 1, 0, 0, 26, '1,2,3,4'),
(3889, 55, 1, 0, 0, 28, '1,2,3,4'),
(3890, 55, 1, 0, 0, 30, '1,2,3,4'),
(3891, 55, 1, 0, 0, 56, '1,2,3,4'),
(3892, 55, 1, 0, 0, 59, '1,2,3,4'),
(3893, 55, 1, 0, 0, 60, '1,2,3,4'),
(3894, 55, 1, 0, 0, 94, '1,2,3,4'),
(3895, 55, 1, 0, 0, 95, '1,2,3,4'),
(3896, 55, 1, 0, 0, 122, '1,2,3,4'),
(3897, 56, 1, 0, 0, 11, '1,2,3,4'),
(3898, 56, 1, 0, 0, 14, '1,2,3,4'),
(3899, 56, 1, 0, 0, 15, '1,2,3,4'),
(3900, 56, 1, 0, 0, 17, '1,2,3,4'),
(3901, 56, 1, 0, 0, 19, '1,2,3,4'),
(3902, 56, 1, 0, 0, 20, '1,2,3,4'),
(3903, 56, 1, 0, 0, 21, '1,2,3,4'),
(3904, 56, 1, 0, 0, 23, '1,2,3,4'),
(3905, 56, 1, 0, 0, 24, '1,2,3,4'),
(3906, 56, 1, 0, 0, 25, '1,2,3,4'),
(3907, 56, 1, 0, 0, 26, '1,2,3,4'),
(3908, 56, 1, 0, 0, 28, '1,2,3,4'),
(3909, 56, 1, 0, 0, 30, '1,2,3,4'),
(3910, 56, 1, 0, 0, 56, '1,2,3,4'),
(3911, 56, 1, 0, 0, 59, '1,2,3,4'),
(3912, 56, 1, 0, 0, 60, '1,2,3,4'),
(3913, 56, 1, 0, 0, 122, '1,2,3,4'),
(3914, 52, 1, 0, 0, 11, '1,2,3,4'),
(3915, 52, 1, 0, 0, 14, '1,2,3,4'),
(3916, 52, 1, 0, 0, 15, '1,2,3,4'),
(3917, 52, 1, 0, 0, 17, '1,2,3,4'),
(3918, 52, 1, 0, 0, 19, '1,2,3,4'),
(3919, 52, 1, 0, 0, 20, '1,2,3,4'),
(3920, 52, 1, 0, 0, 21, '1,2,3,4'),
(3921, 52, 1, 0, 0, 23, '1,2,3,4'),
(3922, 52, 1, 0, 0, 24, '1,2,3,4'),
(3923, 52, 1, 0, 0, 25, '1,2,3,4'),
(3924, 52, 1, 0, 0, 26, '1,2,3,4'),
(3925, 52, 1, 0, 0, 28, '1,2,3,4'),
(3926, 52, 1, 0, 0, 30, '1,2,3,4'),
(3927, 52, 1, 0, 0, 32, '1,2,3,4'),
(3928, 52, 1, 0, 0, 56, '1,2,3,4'),
(3929, 52, 1, 0, 0, 59, '1,2,3,4'),
(3930, 52, 1, 0, 0, 60, '1,2,3,4'),
(3931, 52, 1, 0, 0, 122, '1,2,3,4'),
(3932, 55, 5, 184, 0, 14, '1,2,3,4'),
(3933, 55, 5, 184, 0, 15, '1,2,3,4'),
(3934, 55, 5, 184, 0, 17, '1,2,3,4'),
(3935, 55, 5, 184, 0, 19, '1,2,3,4'),
(3936, 55, 5, 184, 0, 20, '1,2,3,4'),
(3937, 55, 5, 184, 0, 21, '1,2,3,4'),
(3938, 55, 5, 184, 0, 23, '1,2,3,4'),
(3939, 55, 5, 184, 0, 24, '1,2,3,4'),
(3940, 55, 5, 184, 0, 25, '1,2,3,4'),
(3941, 55, 5, 184, 0, 26, '1,2,3,4'),
(3942, 55, 5, 184, 0, 59, '1,2,3,4'),
(3943, 55, 5, 184, 0, 60, '1,2,3,4'),
(3944, 55, 5, 184, 0, 94, '1,2,3,4'),
(3945, 55, 5, 184, 0, 95, '1,2,3,4'),
(3946, 55, 5, 184, 0, 122, '1,2,3,4'),
(4012, 57, 1, 0, 0, 11, '1,2,3,4'),
(4013, 57, 1, 0, 0, 14, '1,2,3,4'),
(4014, 57, 1, 0, 0, 15, '1,2,3,4'),
(4015, 57, 1, 0, 0, 17, '1,2,3,4'),
(4016, 57, 1, 0, 0, 19, '1,2,3,4'),
(4017, 57, 1, 0, 0, 20, '1,2,3,4'),
(4018, 57, 1, 0, 0, 21, '1,2,3,4'),
(4019, 57, 1, 0, 0, 23, '1,2,3,4'),
(4020, 57, 1, 0, 0, 24, '1,2,3,4'),
(4021, 57, 1, 0, 0, 25, '1,2,3,4'),
(4022, 57, 1, 0, 0, 26, '1,2,3,4'),
(4023, 57, 1, 0, 0, 28, '1,2,3,4'),
(4024, 57, 1, 0, 0, 30, '1,2,3,4'),
(4025, 57, 1, 0, 0, 56, '1,2,3,4'),
(4026, 57, 1, 0, 0, 59, '1,2,3,4'),
(4027, 57, 1, 0, 0, 60, '1,2,3,4'),
(4028, 57, 1, 0, 0, 122, '1,2,3,4'),
(4029, 58, 1, 0, 0, 11, '1,2,3,4'),
(4030, 58, 1, 0, 0, 14, '1,2,3,4'),
(4031, 58, 1, 0, 0, 15, '1,2,3,4'),
(4032, 58, 1, 0, 0, 17, '1,2,3,4'),
(4033, 58, 1, 0, 0, 19, '1,2,3,4'),
(4034, 58, 1, 0, 0, 20, '1,2,3,4'),
(4035, 58, 1, 0, 0, 21, '1,2,3,4'),
(4036, 58, 1, 0, 0, 23, '1,2,3,4'),
(4037, 58, 1, 0, 0, 24, '1,2,3,4'),
(4038, 58, 1, 0, 0, 25, '1,2,3,4'),
(4039, 58, 1, 0, 0, 26, '1,2,3,4'),
(4040, 58, 1, 0, 0, 28, '1,2,3,4'),
(4041, 58, 1, 0, 0, 30, '1,2,3,4'),
(4042, 58, 1, 0, 0, 31, '1,2,3,4'),
(4043, 58, 1, 0, 0, 32, '1,2,3,4'),
(4044, 58, 1, 0, 0, 56, '1,2,3,4'),
(4045, 58, 1, 0, 0, 59, '1,2,3,4'),
(4046, 58, 1, 0, 0, 60, '1,2,3,4'),
(4047, 58, 1, 0, 0, 97, '1,2,3,4'),
(4048, 58, 1, 0, 0, 98, '1,2,3,4'),
(4049, 58, 1, 0, 0, 122, '1,2,3,4'),
(4077, 59, 1, 0, 0, 11, '1,2,3,4'),
(4078, 59, 1, 0, 0, 14, '1,2,3,4'),
(4079, 59, 1, 0, 0, 15, '1,2,3,4'),
(4080, 59, 1, 0, 0, 17, '1,2,3,4'),
(4081, 59, 1, 0, 0, 18, '1,2,3,4'),
(4082, 59, 1, 0, 0, 19, '1,2,3,4'),
(4083, 59, 1, 0, 0, 20, '1,2,3,4'),
(4084, 59, 1, 0, 0, 21, '1,2,3,4'),
(4085, 59, 1, 0, 0, 23, '1,2,3,4'),
(4086, 59, 1, 0, 0, 24, '1,2,3,4'),
(4087, 59, 1, 0, 0, 25, '1,2,3,4'),
(4088, 59, 1, 0, 0, 26, '1,2,3,4'),
(4089, 59, 1, 0, 0, 28, '1,2,3,4'),
(4090, 59, 1, 0, 0, 30, '1,2,3,4'),
(4091, 59, 1, 0, 0, 56, '1,2,3,4'),
(4092, 59, 1, 0, 0, 59, '1,2,3,4'),
(4093, 59, 1, 0, 0, 60, '1,2,3,4'),
(4094, 59, 1, 0, 0, 122, '1,2,3,4'),
(4115, 1, 1, 0, 0, 135, '1,2,3'),
(4116, 1, 1, 0, 0, 136, '1,2,3'),
(4117, 1, 1, 0, 0, 137, '1,2,3'),
(4118, 1, 1, 0, 0, 138, '1,2,3');

-- --------------------------------------------------------

--
-- Table structure for table `table_user_type`
--

CREATE TABLE IF NOT EXISTS `table_user_type` (
  `id` int(11) NOT NULL AUTO_INCREMENT,
  `account_id` int(11) NOT NULL,
  `type` varchar(255) DEFAULT NULL,
  `parentType` int(11) DEFAULT NULL,
  `hierarchy_id` int(11) NOT NULL,
  `status` varchar(10) DEFAULT NULL,
  `created` date NOT NULL,
  PRIMARY KEY (`id`)
) ENGINE=InnoDB DEFAULT CHARSET=latin1 AUTO_INCREMENT=1 ;

-- --------------------------------------------------------

--
-- Table structure for table `table_web_users`
--

CREATE TABLE IF NOT EXISTS `table_web_users` (
  `web_user_id` int(11) NOT NULL AUTO_INCREMENT,
  `account_id` int(11) NOT NULL,
  `username` varchar(50) NOT NULL,
  `password` varchar(50) NOT NULL,
  `email_id` varchar(100) NOT NULL,
  `distributor_id` int(11) NOT NULL,
  `retailer_id` int(11) NOT NULL,
  `salesman_id` int(11) NOT NULL,
  `qchecker_id` int(11) NOT NULL,
  `operator_id` int(11) NOT NULL,
  `user_type` varchar(2) NOT NULL,
  `start_date` date NOT NULL,
  `end_date` date NOT NULL,
  `image` varchar(255) NOT NULL,
  `status` varchar(2) NOT NULL,
  PRIMARY KEY (`web_user_id`),
  KEY `retailer_id` (`retailer_id`)
) ENGINE=InnoDB  DEFAULT CHARSET=latin1 AUTO_INCREMENT=2 ;

--
-- Dumping data for table `table_web_users`
--

INSERT INTO `table_web_users` (`web_user_id`, `account_id`, `username`, `password`, `email_id`, `distributor_id`, `retailer_id`, `salesman_id`, `qchecker_id`, `operator_id`, `user_type`, `start_date`, `end_date`, `image`, `status`) VALUES
(1, 1, 'pepupsales', '25d55ad283aa400af464c76d713c07ad', 'rakeshg@quytech.com', 0, 0, 0, 0, 0, '1', '2016-01-14', '2025-09-30', '', 'A');

/*!40101 SET CHARACTER_SET_CLIENT=@OLD_CHARACTER_SET_CLIENT */;
/*!40101 SET CHARACTER_SET_RESULTS=@OLD_CHARACTER_SET_RESULTS */;
/*!40101 SET COLLATION_CONNECTION=@OLD_COLLATION_CONNECTION */;


CREATE TABLE IF NOT EXISTS `table_login_track` (
  `track_id` int(11) NOT NULL AUTO_INCREMENT,
  `username` varchar(100) NOT NULL,
  `ip_address` varchar(150) NOT NULL,
  `login_date` date NOT NULL,
  `login_time` varchar(50) NOT NULL,
  PRIMARY KEY (`track_id`)
) ENGINE=InnoDB  DEFAULT CHARSET=latin1 AUTO_INCREMENT=1 ;